index,link,text,marker
0,http://deeeepv4bfndyatwkdzeciebqcwwlvgqa6mofdtsvwpon4elfut7lfqd.onion/,DeepLink Onion Directory DeepLink Onion Directory Home Add Site Contact DeepLink moving OnionVersion Address Please sure bookmark right addresshttpdeeeepv4bfndyatwkdzeciebqcwwlvgqa6mofdtsvwpon4elfut7lfqdonion Categories Onions Market Hacking Hosting Forums Blog Link List Wiki Communication Social Financial Services Adult Search Engines Private Sites Others Best Financial Market Prepaid CC VISAMasterCard Cloned CC Gift Cards VISAAmazon PayPalWestern Union Transfers cards come PINs instructions httplhsfyiluf5mpybtbud26blpgwou4av7pacfm4coyepcfer5usfjkccydonion 48321Cash CARDS sell demanded products deepweb US Europe specialized years experience field httpwhje5cahjivo6s4ox36xrpea5gavgd45uekgaxlkocjlcxcwkedn2ladonion 37751Light Money Trusted Financial Market Prepaid Cloned Gift Cards Money Transfers via PayPal Western Union http2aoiednvwdnc4w2r32yoydojuu7a4jc6dtiu7bnxikhlirvjm7jxevidonion 5111Hacker Community Hire Advanced Trustable Hackers Darknet httpugdbp6mw657tljzmymg2u7xv3uhtmbcpgiiimtbsfqcv47kicisen7idonion 5200TOR LINK LIST easiest way find information Tor network working links trusted sites http5n4qdkw2wavc55peppyrelmb2rgsx7ohcb2tkxhub2gyfurxulfyd3idonion 5468 Bitcoin Private Key Shop Best Seller Market httpcznfdaeaqujhfz33ki4evpaz7a3vy7qgapdbjejrvgursnu27x4gxoidonion 4865Manticore BEST CARDING SERVICES PREPAID CARDS VISAMasterCard MONEY TRANSFERS VIA PAYPAL WESTERN UNION httpwumsyv4676p4gdrofwz5w3a74aajexxq4kss2wx42umymdy5uxxranydonion 4902Bitcoin Mixer largest fastest Trusted Bitcoin mixer Deep Web httpjaslzi3nsom7amtlzb575turfv2tytgv2v7j3ywgg5vso5citxmbwdidonion 4102RE Apple Store Original Apple products products original packaging warranty cardsFree express shipping worldwide httpq43zqapcisjhrqsk2otzc27leujaenmameigsiwbhcgawflczdifs3qdonion 4768Dark Escrow job sweat small stuff Well make sure sale safeguarded fraud focus business httpfit3thui7rw263htdkfwz4kw6cvxpmt2akcswbatksc5svdreajn6ridonion 5111Porn Hacker sell fresh hacked accounts popular porn sites spend money subscriptions Order account us save Money httppyys2twibiumogafwhtoeyy7awjqaydc3nh3lyyva7fcgbldqt7sjtqdonion 3796HIDDEN WIKI FRESH Hidden Wiki FRESH easiest way find information Tor network working links trusted sites httpwikiw2godl6vm5amb4sij47rwynnrmqenwddykzt3fwpbx6p34sgb7ydonion 4981Deep Search Powerful Search Engine TOR httpsearch7tdrcvri22rieiwgi5g46qnwsesvnubqav2xakhezv4hjzkkadonion 2917Top Onions Top Onions Link List httptoponiibv4eo4pctlszgavni5ajzg7uvkd7e2xslkjmtcfqesjlsqpidonion 4955ORIGINAL CREDITCARDCENTER CreditCard Vendor Since Prepaid VISA Amex MasterCards Western Union PayPal Moneytransfer within min 24Support Escrow httpcccenterjb27ubnmonion 5031Darknetlive Darknet News httpdarkzzx4avcsuofgfez5zq75cqc4mprjvfqywo45dfcaxrwqg6qrlfidonion 2651Bitcoin Generator Exploit Bitcoin Generator Exploit innovative fastest Bitcoin Generator online designed offered free use httpxf3d3baglf7rj73iab5fjaadumgyq6ra2fptdxbtxfvix2h6u2lnayadonion 1398Tor66 Nocookies notracking pure search httptor66sewebgixwhcqfnp5inzp5x5uohhdy3kvtnyfxc2e5mxiuh34iidonion 29212020DeepLink Hidden Links Markets Directory Total Hits 16332,bad
1,http://porntvxakfovbtpxhiebjvnui22znsys3gc5p7gapzrukljb53u7rbad.onion,Join Worlds Best Porn Website Pornhub DarkWeb Login Get Pornhub DarkWeb Login Free week pornhub darkweb kidding Start free week Premium content carefully curated selection High Definition video constantly expanding never watch video twiceunless want choice classic videos find Pornhub Premium well secret videos find anywhere else web dark site Kids Murders Rape Necrophilia much Start free week see Hd videos Premium Members enjoy Full HD 1080p movies 4k tons VR videos doesnt get much juicier Start free week Anonymous Absolutely anonymous signup signup never enter email never watch browse Start free week Virtual reality Watch virtual reality porn 2160p video quality new full VR scenes added regularly Start free week Virtual reality porn Dvds Choose thousands full length titles available demand HD Start free week Faq Pornhub DarkWeb Pornhub DarkWeb like Pornhub know love way better got tons added features content Think Spotify Youtube use Spotify free also buy memberships Spotify Premium Youtube Red enjoy far better experience product makes paying porn actually worth extra content get addition millions videos already Pornhub get access 100K Premium videos added video library every day full length high quality top shelf stuff comes content partners like Brazzers Mofos Digital Playground Backroom Casting Couch Girls Porn Net Video Girls Kinkcom lots choice classic videos find Pornhub Premium well secret videos find anywhere else web dark site Kids Murders Rape Necrophilia much features get Better Quality Enjoy Full Length High Definition VR exclusive scenes Available 1080p 4k moreNo Ads annoying popups distractions youre tuned actionAnonymous percent anonymous30k high quality DVDs Premium Status Stand crowd Premium status tag added posts comments24customer support much BTC Month BTC Month billed one payment BTCCustomer support center available 247 secure discreet use best 3rd party biller adult content Probiller charge show something discreet credit card bill make mention Pornhub also use encrypted HTTPS protocol complete security browsing premium content cancel anytime positive wouldnt want cancel Nonetheless super easy Head httpsupportpornhubpremiumcomcancel instructions links get touch support phone chat online form also always enjoy feedback make service better Start free week Get Pornhub DarkWeb Login Free week pornhub darkweb kidding Start free week Premium content Premium Member get access thousand fulllength HD videos Hd videos Premium Members enjoy Full HD 1080p movies 4k tons VR videos doesnt get much juicier Anonymous Absolutely anonymous signup signup never enter email never watch browse Virtual reality Watch virtual reality porn 2160p video quality new full VR scenes added regularly Virtual reality porn Dvds Choose thousands full length titles available demand HD Free week pornhub darkweb Premium content HD videos Anonymous Vr Dvd Faq Get Pornhub DarkWebFull HD Ads Anonymous Already Pornhub DarkWeb member Log Monthly BTCmonth Save 70 Yearly BTCyear entering site swear legal age area view adult material wish view material pornhubdarkweb MG Cyprus Limited Licensing IP International Sàrl Trademarks,bad
2,http://3cceqf36y3y3w7t3jzzcki2wsztq3hfv7y4cxkna7gbeme3zbmgjhdid.onion,Best Loona Hentai Cartoon Porn Videos Loona Hentai Loona Hentai Loona Waiting Fuck Pentagram Big Breast Loona Waiting Fuck Floor Horny Loona Showing Paws Holes Alone Halloween Loona Loona Starting Transformation Werewolf Loona Blowjobs Horny Loona Animated Loona Femboy Loona Loonas Paws Loona Cosplay Horny Loona Wants Play Beat Saber Absolutely Stunning Loona Cosplay Part 3 Loona Waiting Fuck Pentagram cry_baby_69 Loona Cosplay Masterbation Video Chubby Loona Nude Poolside Showing Pussy Fucking Loona Paws Face Femboy Loona Showing Tight Little Ass Horny Loona Showing Paws Holes Absolutely Stunning Loona Cosplay Part 2 Alone Halloween Loona Wet Pussy Loona Wanting Fuck Loona Starting Transformation Werewolf Vortex Fucking Loona Filling Submissive Femboy Loona Youve Fucked Loona Bouncing Cock Cum Small Tits Loona Giving Vortex Blow Job Human Loona Fucked Human Vortex Big Breast Loona Giving Blowjob Femboy Loona Beach Forcing Loona Give Blowjob Loona Telling Lick Delicious Paws Big Breast Loona Face Fucking Krystal Star Fox Loona Giving Boob Blowjob Loona Giving Foot Job Paws images site contain links original sources Images videos posted site people older,bad
3,http://darkndr5jysc2kd65vuehcfzj47zos3wwyfoxzuhbrvtdml4apzdu5ad.onion,Dark Porn Sign Become member Watch Whats Coming Become member Watch anytime Anything Welcome premium digital adult entertainment network Dark Porn Streaming Service lets instantly view wide range adult user content Darknet Gain access optimized content manually review sort verified users pay every video submit porno material cant find anywhere normal site brutal nature Dark Porn enjoy unlimited viewing HD content without single ad always something new videos added every week Become member Get load Illegal videos best Users Dark Porn extensive content library 50videos sent users pay create videos best possible quality provide give best experience ask deliver Become member Dark Porn Dark Porn true platform streaming illegal adult content brand built people believe cruelty people mature audience safely safely proudly place offer premium adult programming addition addictive programs Dark Porn dedicated creating personal content experiences viewers Brands filmmakers actively listening member listening voice creating catalog content together service individual unique tastes interests evolving practices never want cancel Dark Porn committed providing largest adult catalog best personal online experience Daily Time Prime Time Dark Porn Watch whats coming,bad
4,http://h3fjbsec2fcspcno5j4muhoqh5yahn6bnh3b7myiektca37ztuf736qd.onion,Join Worlds Best Porn Website Pornhub DarkWeb Login Get Pornhub DarkWeb Login Free week pornhub darkweb kidding Start free week Premium content carefully curated selection High Definition video constantly expanding never watch video twiceunless want choice classic videos find Pornhub Premium well secret videos find anywhere else web dark site Kids Murders Rape Necrophilia much Start free week see Hd videos Premium Members enjoy Full HD 1080p movies 4k tons VR videos doesnt get much juicier Start free week Anonymous Absolutely anonymous signup signup never enter email never watch browse Start free week Virtual reality Watch virtual reality porn 2160p video quality new full VR scenes added regularly Start free week Virtual reality porn Dvds Choose thousands full length titles available demand HD Start free week Faq Pornhub DarkWeb Pornhub DarkWeb like Pornhub know love way better got tons added features content Think Spotify Youtube use Spotify free also buy memberships Spotify Premium Youtube Red enjoy far better experience product makes paying porn actually worth extra content get addition millions videos already Pornhub get access 100K Premium videos added video library every day full length high quality top shelf stuff comes content partners like Brazzers Mofos Digital Playground Backroom Casting Couch Girls Porn Net Video Girls Kinkcom lots choice classic videos find Pornhub Premium well secret videos find anywhere else web dark site Kids Murders Rape Necrophilia much features get Better Quality Enjoy Full Length High Definition VR exclusive scenes Available 1080p 4k moreNo Ads annoying popups distractions youre tuned actionAnonymous percent anonymous30k high quality DVDs Premium Status Stand crowd Premium status tag added posts comments24customer support much BTC Month BTC Month billed one payment BTCCustomer support center available 247 secure discreet use best 3rd party biller adult content Probiller charge show something discreet credit card bill make mention Pornhub also use encrypted HTTPS protocol complete security browsing premium content cancel anytime positive wouldnt want cancel Nonetheless super easy Head httpsupportpornhubpremiumcomcancel instructions links get touch support phone chat online form also always enjoy feedback make service better Start free week Get Pornhub DarkWeb Login Free week pornhub darkweb kidding Start free week Premium content Premium Member get access thousand fulllength HD videos Hd videos Premium Members enjoy Full HD 1080p movies 4k tons VR videos doesnt get much juicier Anonymous Absolutely anonymous signup signup never enter email never watch browse Virtual reality Watch virtual reality porn 2160p video quality new full VR scenes added regularly Virtual reality porn Dvds Choose thousands full length titles available demand HD Free week pornhub darkweb Premium content HD videos Anonymous Vr Dvd Faq Get Pornhub DarkWeb Full HD Ads Anonymous Already Pornhub DarkWeb member Log Monthly B0month Save 50 Yearly B0year entering site swear legal age area view adult material wish view material pornhubdarkweb MG Cyprus Limited Licensing IP International Sàrl Trademarks,bad
5,http://h5cdizez35kldfmz7zgdzmghih6ij2buzqvt7hkfiifdkxcadt44z7qd.onion,Bienvenidos TorPlay Peliculas porno Saludos todos usuarios Bienvenidos Torplay version sitio de prueba como notaran el Contenido se subira AleatoriamenteTodo sera bajo donativoYa sera Gratuito NOTAContenido Gratuito siempre Disponible lee antes de donar apoyar este sitio 1 Se colocaran videos como muestra de larga duracion si lo hay es cortesia 2 Nuestros sitios cuentan con poco limite de almacen para videos debido que elhosting asi lo reglamenta 3 Apoya este sitio para poner peliculas de larga duracion tepido una cantidad es lo que tu gustes donar sin importar cantidad 4 Esta version estilo adaptado sera la Version de nuestro sitio para bits Detallesesten atentos alos bugs de tor en arquitectura bits principalmente por que puede que se reprodusca el video por mas compatibilidad que tenga el sitio siempre chequen el registro de cambios para evitar quejas en caso de donacion esten atentos que tor soluciones sus bugs 5 Metodos de donacion 6 Bitcoin1PiCp4xyPqyP1Z3VbFFwc12t5D1ynNZ7Jz 7 DogecoinD5sioY1SpR5EvZvxWaGjQpMzj8SouWFYzv Recuerda que tu apoyo es muy importante para nosotros ayudanos crecer En la red Tor aceptes imitaciones copias de este sitio de charlatanes Torplay peliculas porno,bad
6,http://s3twirghqcut7cclxekjf7fmjmlixhtg5kzduekwniu7ahluoucv43id.onion,Best Video PORN Archive Home Popular Videos Channels Search Browse Upload Create Account Sign Popular 02Daddy cum underage girl pussy 5views 07Thats big cock lolita suck 4views 09Naked lolita pussy High quality 4views 03Who doesnt want fuck awesome lolita right spot 4views 01Happy Pedo Family 3views 33Lea Series 3views 06Asian Child Pussy Fucked 2views 05Lollipop Sucking Boy 2views 02Underage Latina Helps Daddy 2views 15Underage Russian Schoolgirl 2views 16Preteen Sofia Baby Brother Naked Video Chat 2views 11yo Underage Girl Sucking Dogs Dick 2views 24Underage Arab Wife Riding Cock 1views 12Pedomom Sex Young Son 1views 06Toddler Anal Penetration Video 1views 01Little Pussy Playing Hard Get 1views Archive Porn 33Fuck dog 1views 43Pedomom Pussy Pussy Underage Daughter 1views 02Young Nelly Made Video Chat views 02Pedomom Pussy Pussy Underage Daughter views Korean porn 04Gai han quoc lon hong dam dang 1views 08Hiếp dâm em tá ngay trong phòng làm việc 1views 21한국야동오프로 만났는데 오지는년을 만났다19다모아 views 11Phim Hàn Quốc views Tags animals necrophilia pedophilia africa POV aussie bestblowjobvideos bigblackdick bigcock casa camgirl fuckingsex hidden latino BABY Порно русском outside piss realorgasm scissoring sextape youngtightpussy Copyright Video Archives Inc Rights Reserved Powered ABC Technologies,bad
7,http://cmfw3ktgkwlaydukevkzb7dygtgmm6nf3fspwl6xdpp6zprhwvwdzwad.onion,Deep Web PORN Official BEST FORBIDDEN PORN Onion Link Porn ACCESS CONGRATULATIONSYOU FOUNDTHE BEST FORBIDDEN PORN START ENJOYING US VIDEOS AVAILABLE TOTAL USERS HERES OFFER RARE CONTENT growing collection CP ZOO ABUSE whatever imagine never watch video twiceunless want HIGH SPEED subscription fee permit us expand servers watch videos HD quality without wasting time staring loading screen ADS Advertising sexy us enjoy clean seamless viewing focus main event offer thoses magic penis growth pills START ENJOYING US WHATS NEW REGISTRATION BACK 2407Hey pleasure announce finished server capacity expension register join familly REGISTRATION DISABLED 0106Hey everyone reached maximum server capacity keep service quality disable new accounts registration power expansion HAPPY BIRTHDAY 2104Its years share passion cutties together celebrate applied discount accounts raised videos rewards Thanks 3,bad
8,http://lt74ikc7pf5adgzifiiirdchjqe3lfbm6n56ysukuooa7qzpze4ewiyd.onion,Porn Videos Home Popular Videos Channels Search Browse Upload Create Account Sign Popular 02Daddy cum underage girl pussy 5views 07Thats big cock lolita suck 4views 09Naked lolita pussy High quality 4views 03Who doesnt want fuck awesome lolita right spot 4views 01Happy Pedo Family 3views 33Lea Series 3views 06Asian Pussy Fucked 2views 05Lollipop Sucking Boy 2views 02Underage Latina Helps Daddy 2views 15Underage Russian Schoolgirl 2views 16Preteen Sofia Baby Brother Naked Video Chat 2views 11yo Underage Girl Sucking Dogs Dick 2views 24Underage Arab Wife Riding Cock 1views 12Pedomom Sex Young Son 1views 06Toddler Anal Penetration Video 1views 01Little Pussy Playing Hard Get 1views porn video 33Fuck dog 1views 43Pedomom Pussy Pussy Underage Daughter 1views 02Young Nelly Made Video Chat views 02Pedomom Pussy Pussy Underage Daughter views Korean porn 04Gai han quoc lon hong dam dang 1views 08Hiếp dâm em tá ngay trong phòng làm việc 1views 21한국야동오프로 만났는데 오지는년을 만났다19다모아 views 11Phim Hàn Quốc views Tags animals necrophilia pedophilia africa POV aussie bestblowjobvideos bigblackdick bigcock casa camgirl fuckingsex hidden latino BABY Порно русском outside piss realorgasm scissoring sextape youngtightpussy Copyright Video Archives Inc Rights Reserved Powered ABC Technologies,bad
9,http://pornhwpwonwzghhwrctmwacfgwxl6myngjfrvt3ddaxapjid7vyqkdid.onion,Pornhub Premium Accounts Get Accounts Order Fresh Hacked Accounts Instant Delivery Bonus Purchase Hacked PornHub Premium Account Lifetime Access BUY Hacked Brazzers Accounts Months Access BUY Hacked BangBros Accounts Months Access BUY LiveJasmin Hacked Account 850Credits BUY Hacked PornHub Premium Account Months Access BUY Hacked RealityKings Accounts Months Access BUY Hacked Teens Love Huge Cocks Account Months Access BUY LiveJasmin Hacked Account 1200Credits BUY Hacked Naughty America Accounts Months Access BUY Hacked BrokenTeens Accounts Months Access BUY Hacked CFNMTeens Account Unlimited BUY Hacked MyDirtyHobby accounts 7500DirtyCents BUY sell fresh hacked accounts popular porn sites spend money subscriptions tokens Order account us save 1000 Full Automatic Order System get access instantly payment confirmation send accounts order avoid risk blocked accounts Lifetime Access Account go broke replace tying credit card porn sites Buy access anonymously profitably EVERY DAY FRESH ACCOUNTS BrokenTeens httpbrokenteenscom Teens Love Huge Cocks httpsteenslovehugecockscom CFNMTeens httpscfnmteenscom Livejasmin httpswwwlivejasmincom PornHub httpspornhubcom Brazzers httpsbrazzerscom Bang Bros httpsbangbroscom Naughty America httpsnaughtyamericacom Reality Kings httpsrealitykingscom receive account email immediately purchase GET CHEAP ACCESS RIGHT freshpornaccountsprotonmailcom,bad
10,http://pornhubvybmsymdol4iibwgwtkpwmeyd6luq2gxajgjzfjvotyt5zhyd.onion,Free Porn Videos Sex Movies Porno XXX Porn Tube Pornhub looking Upload Photos Videos Upgrade Login Sign Home Porn Videos Categories Live Cams Pornstars Meet Fuck Community Photos GIFs Discover Videos Recommended Hottest Viewed Top Rated Popular Homemade Explore Playlists Channels Random Pornhub Premium Newest Viewers Choice Hottest 38HD Free ALEX HARPER READY INTENSE INTERRACIAL ANAL SEX Analized 129M views 86 days ago 8HD Horny College Girl ROUGH Fucked Creampied Roommates Mini Julia Mini Julia 12M views 82 days ago Hottest Recommended 11HD 18yo gf wants drain balls O_O cant resist sucking dick fucking every position 4k Candy Love 59M views 89 week ago 11HD Moms Teach Sex Step Mom saw wearing couldnt help S16E3 Moms Teach Sex 23M views 90 days ago Recommended Playlists videos Play View Playlist Swimsuit 42favorites 100 ShakiraFun 82K views videos Play View Playlist EBONY TITFUCKING 88favorites 100 MsBlackTFUSA 65K views Playlists Channels Perv Mom Rank Dogfart Network Rank Channels Trending Searches abbie maley mackenzie jones sheena ryder anouk maze astrid wett gentstudent britni kitten shaiden rogue Discover Categories Popular Alphabetical Number Videos Gay Categories Trending Searches abbie maley mackenzie jones sheena ryder anouk maze astrid wett gentstudent britni kitten shaiden rogue Japanese Teen 18 Mature Amateur Lesbian Cartoon Threesome Hentai Ebony MILF Anal Big Tits Public Transgender OldYoung Female Orgasm Big Dick Creampie Bondage Gangbang See Discover Pornstars Verified Amateurs Pornstars Male Actors Top Trending Indigo White Videos 219M Views Christie Stevens Videos 167M Views Popular Jordi El Nino Polla Videos 669M Views Johnny Sins Videos 21B Views Viewed Mia Melano Official Videos 109M Views Natasha Nice Videos 192M Views Popular Filters Fake Tits Natural Tits Small Tits Huge Tits Red Heads Blondes Brunettes Piercings Tattooed Asian Arab Latin Black Indian White 18 Teens MILFs Mature Discover Community Model Contests Community Feed Top Members Newest Verified Girls Newest Verified Couples Newest Verified Guys Popular Verified Models Online Members Member Search Contests Popular Viewers Choice December SweetDarling FoxyElf papaxmama Arrilast AmateurHomeGirls Flame Jade See Viewed November Leolulu Cory Chase October Danika Mori Jordi El Nino Polla September littlebuffbabe Angela White See Popular Verified SexyBabe Love ARIA Pikksilli Ahsoka Tano Mayven Doll Holly Halftone See Popular New dutchxthin Le Slicks aoidick1124 love maria PrettyMommyy ViolettOFmaster See Discover Photos Gifs Porn GIFs Top Rated GIFs Viewed GIFs Photo Albums Top Rated Albums Viewed Albums Upload Photos Make GIF Top Rated Gifs rough fucking behind Carry Light Squirting oozing creampie cock Top Rated Viewed Gifs Blond Big Boobs Behind best tits see life Viewed Top Rated Albums 1117Photos bed naked Photos Top Rated Viewed Albums Lanreta Photos 99 SalliEnjoy album Photos 97 Viewed Popular Tags Tits Ass Pussy Amateur Dick Hot Teen Hentai Sex Boobs Babe Cum Blonde Blowjob Anal Black Brunette Asian MILF Cumshot leaving Pornhubcom ADS PREMIUM PORN HANDLE WELCOME BEST PORN EXPERIENCE EVER FINALLY PORN EXPERIENCE DESERVE Ads Exclusive Content High Quality HD Cancel Anytime Offering exclusive content available Pornhubcom Super affordable 999month Start Free Week Pornhub Premium Go Back leaving Pornhubcom Free day premium access Ads Exclusive Content HD Videos Cancel Anytime Start Watch exclusive video pornhub premium Luckily FREE day access Watch hd video never see ads Claim day free access Watch 1080p video pornhub premium Luckily FREE day access Watch hd video upgrading today get one week free access Ads Exclusive Content HD Videos Cancel Anytime Claim day free access signing today get one week free access Ads Exclusive Content HD Videos Cancel Anytime Claim day free access Offering exclusive content available Pornhubcom viewing Pornhub English Overschakelen naar Dutch commitment trust safety Hot Porn Videos Netherlands Ads Traffic Junky 10HD BEST TIKTOK COMPILATION Kevandceli 15M views 74 days ago 14HD Mind Blowing Threesome Post Lockdown Vacation Step Mom Nikki Brooks Cory Chase Cory Chase 485K views 90 hours ago 12HD mercy stepsistser gets bound ass wrecked finished throatpie Ana_Lingus 26M views 91 days ago 11Heet wijf wil pik dr kont Hollandsche Passie 321K views 80 days ago 17HD Friends Share Wife Take Turns Fucking Double Creampie Sloppy Seconds Amateur Hotwife Serenity Cox 21M views 89 days ago 13HD LoveHerFeet Black Haired Latina Feet Sucked Fucked Love Feet 52M views 85 days ago 12HD Desire Big Cock Turns Threesome Step Sister Tiffany Tatum Tiffany Tatum 22M views 87 days ago 16HD Threesome MILF Stepmom Fucked Hard Night Club Kelly Aleman 113M views 85 week ago 11HD Moms Teach Sex Step Mom saw wearing couldnt help S16E3 Moms Teach Sex 23M views 90 days ago 12HD Seductive MILF Emily Addison Big Tits Multiple Orgasms Bratty Milf 11M views 88 Yesterday 26HD Stepdad needed work made cum times instead Samantha Flair Official 34M views 84 days ago Viewed Videos Netherlands 11Heet wijf wil pik dr kont Hollandsche Passie 321K views 80 days ago 10HD Step Brother Fucked Hard Stretched Tight Pussy AmyHide 17M views 83 week ago 12HD SQUIRT EXPLOSION Cums Makes Cum Multiple Times Porn Force 305M views 84 week ago 12HD Hardest Fuck Ever Experienced Gorgeous Anal Teen EDEN IVY EPIC Must Watch Scene Porn Force 69M views 92 week ago 25HD Rocco Siffredi HARDCORE ORGIES COMPILATION ROUGH SEX ANAL DPing Rocco Siffredi 13M views 89 week ago Recommended 40HD Free OK Well update videos recommend HOT YOGA GIRL MARLEY BRINX HARD ANAL SEX WORKOUT Analized 92M views 88 month ago 54HD Free OK Well update videos recommend StayHomePOV Sexy Slender Girl Bounces Perfect Ass Boyfriends Dick Full Movie Team Skeet 38M views 90 weeks ago 15HD Free OK Well update videos recommend Teacher Fucks Teens Teacher Says want give special graduation gift Nubiles Porn 57M views 88 weeks ago 40HD Free OK Well update videos recommend HotwifeXXX Hubby Got Big Dick Present Autumn Falls Hot Wife XXX 3M views 91 week ago 35HD Free OK Well update videos recommend Digital Playground Horny Security Guard Adriana Chechik Gives Markus Dupree Surprise Inspection Digital Playground 68M views 90 month ago Viewed Verified Amateurs 16HD Threesome MILF Stepmom Fucked Hard Night Club Kelly Aleman 113M views 85 week ago 25HD Passionate Hard Sex Beautiful Blonde Big Natural Tits Hansel Grettel 27M views 86 days ago 26HD Stepdad needed work made cum times instead Samantha Flair Official 34M views 84 days ago 10HD Used Like Personal Fuck Toy ROUGH Passionate Sex Horny Babe Abbie Maley Abbie Maley 77M views 86 days ago 10HD Kira Noir Sensual Sex Owen Gray DeepLush Owen Gray 894K views 88 days ago Recommended Category Amateur 10HD Blonde fucks ass sucks forest Amateur CherryAleksa Cherry Aleksa 251K views 95 days ago 10HD Cute Babe Sloppy Blowjob Face Fuck Deepthroat Cum Play Kiss Cat Kisscat PH 14M views 96 days ago 6HD Student Sloppy Blowjob Big Cock Classmate College Cumshot Laloka4you 179K views 97 days ago 5HD shower tattooed girl fucked hotel employee DEEP BJ RedFox Real Red Fox 503K views 97 Yesterday 5HD Girl Sucked Cock Closeup Swallowed Cum AmelieLBJ 749K views 96 days ago Featured Recently Featured Recently Viewed Top Rated Hottest Longest Newest Recently Featured XXX Videos 23HD ASMR Naughty Therapist Explores Fantasies asmrmaddy 785K views 92 minute ago 15HD FILF Olivia Wilder Lets Stepdaddy Cum Face FILF 96K views 89 minutes ago 20HD Interracial couple fuck Rylee Masked Girl 76K views 81 minutes ago 12HD Petite blonde teen Ekaterina Glascov Self Pleasing Girls 33K views 90 minutes ago 16HD TEEN Gets Creampied Accident wants hunter Asia hunter Asia 106K views 89 minutes ago 31HD Astonishing lesbians let record hot session Love Home Porn 104K views 86 hour ago 13HD feels good cum warm tight pussy Victoria Sign 552K views 94 hour ago 6HD Naughty America Mrs Rider gets tricked sex student First Sex Teacher 108K views 87 hour ago 7HD Smoking blowjob someone tips times smoking one live session FoxyandTed 88K views 100 hour ago 7HD Married African Cheating Real Interracial Casting African Casting 126K views 95 hour ago 6HD Naughty America Mischa Brooks take huge cock Naughty America 658K views 85 hours ago 13HD Naughty girl Myla_Angel home alone shows beautiful body opens pussy wide shakes boobs Myla Angel 145K views 91 hours ago 10HD FIST4K Coed tempted lesbian anal sex fist strapon Fist 4K 372K views 72 hours ago 8HD 0721オナニーの日はみかと淫語たっぷりラブラブ相互オナニー Mika_love 671K views 92 hours ago 13HD GERMAN Amateur couple amazing sex vacation NightClub Videos 264K views 79 hours ago 5HD Трахаю дилдо Arina_Murr 386K views 89 hours ago 10HD BrokenMILF Mature Masseuse Nina Hartley Cant Resist Younger Cock Broken MILF 131K views 91 hours ago 15HD Let Fuck Ass Couch amateur NoFaceGirl NoFaceGirl 186K views 87 hours ago 5HD Lesbian Madame Submissive Girl Hot Action Bed Bound Heat 47K views 79 hours ago Next use cookies optimize site functionality give best possible experience Learn OK Ads Traffic Junky Pornhub team always updating adding porn videos every day 100 free porn huge free XXX video selection download stream Pornhub complete revolutionary porn tube site offer streaming porn videos XXX photo albums number free sex community net always working towards adding features keep love porno alive well Send us feedback questionscomments Information Sitemap Terms Conditions Privacy Policy DMCA Work Us Content Partners Advertise Webmasters Model Program Press Support Help Content Removal Contact Support FAQ Trust Safety Parental Controls Feedback Discover Pornhub Blog Insights Blog Sexual Wellness Center Mobile Visually Impaired Language English Deutsch Français Español Italiano Português Polski Русский 日本語 Dutch Czech 中文简体 Pornhubcom 2021,bad
11,http://pornhubvybmsymdol4iibwgwtkpwmeyd6luq2gxajgjzfjvotyt5zhyd.onion,Free Porn Videos Sex Movies Porno XXX Porn Tube Pornhub looking Upload Photos Videos Upgrade Login Sign Home Porn Videos Categories Live Cams Pornstars Meet Fuck Community Photos GIFs Discover Videos Recommended Hottest Viewed Top Rated Popular Homemade Explore Playlists Channels Random Pornhub Premium Newest Viewers Choice Hottest 38HD Free ALEX HARPER READY INTENSE INTERRACIAL ANAL SEX Analized 129M views 86 days ago 8HD Horny College Girl ROUGH Fucked Creampied Roommates Mini Julia Mini Julia 12M views 82 days ago Hottest Recommended 11HD 18yo gf wants drain balls O_O cant resist sucking dick fucking every position 4k Candy Love 59M views 89 week ago 11HD Moms Teach Sex Step Mom saw wearing couldnt help S16E3 Moms Teach Sex 23M views 90 days ago Recommended Playlists videos Play View Playlist Swimsuit 42favorites 100 ShakiraFun 82K views videos Play View Playlist EBONY TITFUCKING 88favorites 100 MsBlackTFUSA 65K views Playlists Channels Perv Mom Rank Dogfart Network Rank Channels Trending Searches abbie maley mackenzie jones sheena ryder anouk maze astrid wett gentstudent britni kitten shaiden rogue Discover Categories Popular Alphabetical Number Videos Gay Categories Trending Searches abbie maley mackenzie jones sheena ryder anouk maze astrid wett gentstudent britni kitten shaiden rogue Japanese Teen 18 Mature Amateur Lesbian Cartoon Threesome Hentai Ebony MILF Anal Big Tits Public Transgender OldYoung Female Orgasm Big Dick Creampie Bondage Gangbang See Discover Pornstars Verified Amateurs Pornstars Male Actors Top Trending Indigo White Videos 219M Views Christie Stevens Videos 167M Views Popular Jordi El Nino Polla Videos 669M Views Johnny Sins Videos 21B Views Viewed Mia Melano Official Videos 109M Views Natasha Nice Videos 192M Views Popular Filters Fake Tits Natural Tits Small Tits Huge Tits Red Heads Blondes Brunettes Piercings Tattooed Asian Arab Latin Black Indian White 18 Teens MILFs Mature Discover Community Model Contests Community Feed Top Members Newest Verified Girls Newest Verified Couples Newest Verified Guys Popular Verified Models Online Members Member Search Contests Popular Viewers Choice December SweetDarling FoxyElf papaxmama Arrilast AmateurHomeGirls Flame Jade See Viewed November Leolulu Cory Chase October Danika Mori Jordi El Nino Polla September littlebuffbabe Angela White See Popular Verified SexyBabe Love ARIA Pikksilli Ahsoka Tano Mayven Doll Holly Halftone See Popular New dutchxthin Le Slicks aoidick1124 love maria PrettyMommyy ViolettOFmaster See Discover Photos Gifs Porn GIFs Top Rated GIFs Viewed GIFs Photo Albums Top Rated Albums Viewed Albums Upload Photos Make GIF Top Rated Gifs rough fucking behind Carry Light Squirting oozing creampie cock Top Rated Viewed Gifs Blond Big Boobs Behind best tits see life Viewed Top Rated Albums 1117Photos bed naked Photos Top Rated Viewed Albums Lanreta Photos 99 SalliEnjoy album Photos 97 Viewed Popular Tags Tits Ass Pussy Amateur Dick Hot Teen Hentai Sex Boobs Babe Cum Blonde Blowjob Anal Black Brunette Asian MILF Cumshot leaving Pornhubcom ADS PREMIUM PORN HANDLE WELCOME BEST PORN EXPERIENCE EVER FINALLY PORN EXPERIENCE DESERVE Ads Exclusive Content High Quality HD Cancel Anytime Offering exclusive content available Pornhubcom Super affordable 999month Start Free Week Pornhub Premium Go Back leaving Pornhubcom Free day premium access Ads Exclusive Content HD Videos Cancel Anytime Start Watch exclusive video pornhub premium Luckily FREE day access Watch hd video never see ads Claim day free access Watch 1080p video pornhub premium Luckily FREE day access Watch hd video upgrading today get one week free access Ads Exclusive Content HD Videos Cancel Anytime Claim day free access signing today get one week free access Ads Exclusive Content HD Videos Cancel Anytime Claim day free access Offering exclusive content available Pornhubcom viewing Pornhub English Overschakelen naar Dutch Whats Sex Type Take Pornhub Museum Sexs survey see Model youre like Hot Porn Videos Netherlands Ads Traffic Junky 59HD Free Big Titted Mistress Milf Cheating Husband Tie Dominate Innocent Housewife Sex Dungeon MYLF 398K views 93 Yesterday 12HD Desire Big Cock Turns Threesome Step Sister Tiffany Tatum Tiffany Tatum 22M views 87 days ago 12HD mercy stepsistser gets bound ass wrecked finished throatpie Ana_Lingus 26M views 91 days ago 27HD Naughty Stepdaughter Ep9 watches takes turn Samantha Flair Official 75M views 84 week ago 10HD BEST TIKTOK COMPILATION Kevandceli 15M views 74 days ago 26HD Stepdad needed work made cum times instead Samantha Flair Official 34M views 84 days ago 6HD Yo Super Petite Newbie Mia Loves ROUGH First Time Porn First Big Cock First Hard Sex Porn Force 192M views 81 days ago 7HD FUKED GIRLl DREAM TOP MODEL SASHA ROSE Devils Kos 28M views 94 days ago 8HD OH GOD GONNA CUM ROUGH SEX MAKES ABBIE MALEY CUM HARD WILD FUCK FISTING FACIAL James Deen 277M views 81 days ago 14HD Mind Blowing Threesome Post Lockdown Vacation Step Mom Nikki Brooks Cory Chase Cory Chase 485K views 90 hours ago 38HD Free ALEX HARPER READY INTENSE INTERRACIAL ANAL SEX Analized 129M views 86 days ago Viewed Videos Netherlands 11Heet wijf wil pik dr kont Hollandsche Passie 321K views 80 days ago 10HD Step Brother Fucked Hard Stretched Tight Pussy AmyHide 17M views 83 week ago 12HD SQUIRT EXPLOSION Cums Makes Cum Multiple Times Porn Force 305M views 84 week ago 12HD Hardest Fuck Ever Experienced Gorgeous Anal Teen EDEN IVY EPIC Must Watch Scene Porn Force 69M views 92 week ago 25HD Rocco Siffredi HARDCORE ORGIES COMPILATION ROUGH SEX ANAL DPing Rocco Siffredi 13M views 89 week ago Recommended 20HD Free OK Well update videos recommend Step Sis would never let pussy Im princess S17E5 Bratty Sis 39M views 87 months ago 21HD OK Well update videos recommend Young virgin money fucks sucks like whore Devils Kos 89M views 87 month ago 63HD Free OK Well update videos recommend Milf Chefs Big Boobs Ivy Lebelle Friends Serve Thick Butts Covered Cream GOTMYLF 717K views 86 months ago 12HD OK Well update videos recommend HotwifeXXX Husband Watches Big Tit Slutty Milf Wife Natasha Nice Suck Big Cock Hot Wife XXX 26M views 90 month ago 12HD OK Well update videos recommend slutty client refused pay order fucked delivery man lolly_lips 314K views 89 month ago Viewed Verified Amateurs 16HD Threesome MILF Stepmom Fucked Hard Night Club Kelly Aleman 113M views 85 week ago 25HD Passionate Hard Sex Beautiful Blonde Big Natural Tits Hansel Grettel 27M views 86 days ago 26HD Stepdad needed work made cum times instead Samantha Flair Official 34M views 84 days ago 10HD Used Like Personal Fuck Toy ROUGH Passionate Sex Horny Babe Abbie Maley Abbie Maley 77M views 86 days ago 10HD Kira Noir Sensual Sex Owen Gray DeepLush Owen Gray 894K views 88 days ago Recommended Category Teen 18 5HD Girl Sensual Play Pussy Sex Toy Waking Homemade AmelieLBJ 237K views 96 days ago 5HD shower tattooed girl fucked hotel employee DEEP BJ RedFox Real Red Fox 503K views 97 Yesterday 12HD mercy stepsistser gets bound ass wrecked finished throatpie Ana_Lingus 26M views 91 days ago 16HD stranger fucks blonde gloves get infected COVIDMissKiss30 181K views 91 Yesterday 5HD Girl Sucked Cock Closeup Swallowed Cum AmelieLBJ 749K views 96 days ago Featured Recently Featured Recently Viewed Top Rated Hottest Longest Newest Recently Featured XXX Videos 23HD ASMR Naughty Therapist Explores Fantasies asmrmaddy 785K views 92 minute ago 15HD FILF Olivia Wilder Lets Stepdaddy Cum Face FILF 96K views 89 minutes ago 20HD Interracial couple fuck Rylee Masked Girl 76K views 81 minutes ago 12HD Petite blonde teen Ekaterina Glascov Self Pleasing Girls 33K views 90 minutes ago 16HD TEEN Gets Creampied Accident wants hunter Asia hunter Asia 106K views 89 minutes ago 31HD Astonishing lesbians let record hot session Love Home Porn 104K views 86 hour ago 13HD feels good cum warm tight pussy Victoria Sign 552K views 94 hour ago 6HD Naughty America Mrs Rider gets tricked sex student First Sex Teacher 108K views 87 hour ago 7HD Smoking blowjob someone tips times smoking one live session FoxyandTed 88K views 100 hour ago 7HD Married African Cheating Real Interracial Casting African Casting 126K views 95 hour ago 6HD Naughty America Mischa Brooks take huge cock Naughty America 658K views 85 hours ago 13HD Naughty girl Myla_Angel home alone shows beautiful body opens pussy wide shakes boobs Myla Angel 145K views 91 hours ago 10HD FIST4K Coed tempted lesbian anal sex fist strapon Fist 4K 372K views 72 hours ago 8HD 0721オナニーの日はみかと淫語たっぷりラブラブ相互オナニー Mika_love 671K views 92 hours ago 13HD GERMAN Amateur couple amazing sex vacation NightClub Videos 264K views 79 hours ago 5HD Трахаю дилдо Arina_Murr 386K views 89 hours ago 10HD BrokenMILF Mature Masseuse Nina Hartley Cant Resist Younger Cock Broken MILF 131K views 91 hours ago 15HD Let Fuck Ass Couch amateur NoFaceGirl NoFaceGirl 186K views 87 hours ago 5HD Lesbian Madame Submissive Girl Hot Action Bed Bound Heat 47K views 79 hours ago Next use cookies optimize site functionality give best possible experience Learn OK Ads Traffic Junky Pornhub team always updating adding porn videos every day 100 free porn huge free XXX video selection download stream Pornhub complete revolutionary porn tube site offer streaming porn videos XXX photo albums number free sex community net always working towards adding features keep love porno alive well Send us feedback questionscomments Information Sitemap Terms Conditions Privacy Policy DMCA Work Us Content Partners Advertise Webmasters Model Program Press Support Help Content Removal Contact Support FAQ Trust Safety Parental Controls Feedback Discover Pornhub Blog Insights Blog Sexual Wellness Center Mobile Visually Impaired Language English Deutsch Français Español Italiano Português Polski Русский 日本語 Dutch Czech 中文简体 Pornhubcom 2021,bad
12,http://zwdhvuojwtdsjlsbgz2asrhkusufm3jjv34pisvxwkx7bojdeapxdfyd.onion,Porn Market Home Products PORN MARKET EVERY DAY FRESH ACCOUNTS fresh hacked accounts popular porn sites Porn Market Porn Market onion site one else ever done provide access best hacked premium porn accounts top porn paysites keep updating every single day looking hacked Premium porn accounts people Actually need look anything else highquality porn passwords premium accounts See Products Privacy Protected 100 Customers Support Security Email 100 Satisfaction Guaranteed Bitcoin Payment Full Anonymous 2019Porn Market Home Products,bad
13,http://angelsnbakfsuuszzhjpovjqybeqi7f2f4ht53oj457f5lwey36ercqd.onion,PornYouLove PornYouLove Buy Bitcoin Hot Young Bodies Unlimited access 247 young bodies 100 anonymously best content DarkNet Please sure visit angelsnbakfsuuszzhjpovjqybeqi7f2f4ht53oj457f5lwey36ercqdonion payment done recieve download links content 938GB data Pay ones get everything advantages others Almost material high quality Almost 938GB data store data thumbnail Package Lesbian Buy Bitcoin Package Pedo Buy Bitcoin Package 12Gay Buy Bitcoin 20152021,bad
14,http://eytu6el7gqrrvmbpu3pcsjk4xwv3uditlqn4p26yxkscibxizmdaemid.onion,Porn Hacker Toggle navigation Porn Hacker Products Info Cart pornhackprotonmailcom 5F8G4 CFNMTeens Hacked Account 7Months Access Quantity 5FD4C Hacked Brazzers Account 9Months Access Quantity DSF821 Hacked BadDaddyPOV Account 5Months Access Quantity 5DS5D Hacked BrokenTeens Account 7Months Access Quantity 15GH5 Hacked TeenMegaWorld Account 7Months Access Quantity 564HJ Teens Love Black Cocks Hacked Account 6Months Access Quantity FDG54 Teens Love Huge Cocks Hacked Account 6Months Access Quantity 56F4DG Hacked PornHub Premium Account 7Months Access Quantity choose us Fast Simple Escrow Low Price Buy Anonymously Best Price Guarantee 24Customer Support Worldwide Footprint Secure Bitcoin Payment Porn Hacker Porn Hacker Porn Hacker Info Contact Us pornhackprotonmailcom,bad
15,http://injhml7i653nvdjh2d66rfbk44c7b3wc2l6clod6w3deklzz3d3lseqd.onion,PornHub Premium Accounts Get Accounts Order Fresh Hacked Accounts Instant Delivery Bonus Purchase Hacked PornHub Premium Account Lifetime Access Hacked Brazzers Accounts Months Access Hacked BangBros Accounts Months Access LiveJasmin Hacked Account 850Credits Hacked PornHub Premium Account Months Access Hacked RealityKings Accounts Months Access Hacked Teens Love Huge Cocks Account Months Access LiveJasmin Hacked Account 1200Credits Hacked Naughty America Accounts Months Access Hacked BrokenTeens Accounts Months Access Hacked CFNMTeens Account Unlimted Hacked MyDirtyHobby accounts7500DirtyCents sell fresh hacked accounts popular porn sitesWhy spend money subscriptions tokens Order account us save 1000 Full Automatic Order System get access instantly payment confirmation send accounts order avoid risk blocked accounts Lifetime Access Account go broke replace tying credit card porn sites Buy access anonymously profitably EVERY DAY FRESH ACCOUNTS BrokenTeens httpbrokenteenscom Teens Love Huge Cocks httpsteenslovehugecockscom Dirty Hobby httpsmydirtyhobbycom CFNMTeens httpscfnmteenscom Livejasmin httpswwwlivejasmincom PornHub httpspornhubcom Brazzers httpsbrazzerscom Bang Bros httpsbangbroscom Naughty America httpsnaughtyamericacom Reality Kings httpsrealitykingscom receive account email immediately purchase GET CHEAP ACCESS RIGHT freshpornaccountsprotonmailcom,bad
16,http://xplayfcesc6gcxkg5lnotcohcfson7e2r6snhbm2a5ujpnnxpkduptid.onion,xPlay hosting service porn videos Home Hetero Lesbian Gay Deviations Pedo girls boys Zoo Log xPlay categories adult videosComplete anonymitySD HD quality Designed Anonymous,bad
17,http://city3taeb56hfhouvyg72h6ika65wai4e2vhjg6unpzzjtgweoxmc3yd.onion,Porn City Home Porn City offer pedophilia Already account Girls girls Lisa Hover Years Old 300 Videos 2000 Images Kim Hover Years Old 150 Videos 1500 Images Natasha Hover Years Old 400 Videos 4500 Images Content TB content daily updates posted contributors content accesible high speed webapplication See common categories Bondage Toys Blowjob Creampie Plans Alpha Month Access different girls Download 10GB per day New Get Beta Month Access different girls Download InfiniteGB per day Value Get Release Months Access girls Download InfiniteGB per day Access livestreams Get,bad
18,http://pureporn2s3hrmpslrxt34z6phigqnj62h4e3xyeonnw34qpaa4balyd.onion,Pure Porn Best Hacked Porn Accounts Pure Porn best hacked porn acconts dark web New Visit new V3 Onion URL Order best darknet porn soruce provide high quality guaranteed accounts best sites Delivery fast guarantee accounts work least two months Next Sites offer best sites want accounts guaranteed least months get Brazzers Reality Kings GF Network Mofos Site want listed email us well happy see get Order Next Prices sites priced USD Converted automatically BTC real time checkout Try new onilne order flow automated delivery Next Get touch Ordering easy Go Order page use Order button Make bitcoin payment choose site want Get email details cant provide site want issue refund back original address made payment Email,bad
19,http://2x2aronxx7emfgfh3pny6no74uvwxjkp53kmdfvm2h7uatvpb74vfgad.onion,Porn City Home Porn City offer pedophilia Already account Girls girls Lisa Hover Years Old 300 Videos 2000 Images Kim Hover Years Old 150 Videos 1500 Images Natasha Hover Years Old 400 Videos 4500 Images Content 500GB content posted contributors content accesible high speed webapplication See common categories Bondage Toys Blowjob Creampie Plans Alpha Month Access different girls Download 10GB per day New Get Beta Month Access different girls Download InfiniteGB per day Value Get Release Months Access girls Download InfiniteGB per day Access livestreams Get,bad
20,http://pornvv5stfahju45zd3tpfukz7uh54cy65zfdocb4gy3lo34jkrid4yd.onion,PORN COMMUNITY SICKEST LOLLIPOP COMMUNITY Home Live Streams Images Videos Community Chat Login Register LATEST IMAGES LIVE STREAMING LIVE Join Show LIVE Join Show LIVE Join Show LIVE Join Show LIVE Join Show LIVE Join Show LIVE Join Show LIVE Join Show LIVE Join Show Youre logged Please login watch streaming sessions Login Copyright 2014LOLLIPOP COMMUNITY,bad
21,http://hurtx4o2jnvquqcru7cgjsrcct7lj5czmlfexogcybnj73hpdmdktzad.onion,KidFlix double penetration porn small hardcore Welcome KidFlixKidFlix Free Child Porn video sharing platform Click button redirected siteJoin KidFlix community0020Great Teen PussyVerified193 views Days ago0105Lil girl straps plays self Verified237 views Days ago1102Lilu 12yoVerified553 views Days ago1641Skinny Blonde let Dog Lick PussyVerified907 views Days ago0013Little boy rided Old WomenVerified520 views Days ago1006Cute Hebe Touch HerselfVerified367 views Days ago0021Asian Pussy FuckVerified362 views Days ago0010Zoo Dog Girl Suck K9Verified524 views Days ago0232Cutie MasturbateVerified382 views Days ago00ALD FingeringVerified279 views Days ago014911yo Anal Pussy Fuck FacialVerified14K views Days ago0336Cuties Forced Lesbians Dark StudioVerified696 views Days ago1312Girl Daddy BrotherVerified12K views Days agoGet KidFlixvirgin flashing teen penetration horny hebephilia blowjob free child porn deflowering amorzinho lolita small image gangbang hardcore porn deep streaming fucking lesbians naughty hc double penetration hebe forced laura gif compilation amorzinho jm free child porn drugged BDSM blowjob child jenny fucked free amorzinho webcam viola porn zoophilia pedo link blackmail hurt preview slave crying jenny blood loliporn video pedo link compilation rapt hc hardcore dad teen BDSM hispanic boy zoo cp pussy full penetration little girl blood nepiophilia loli tight jm brother rindexxx free cp orgy hebephilia blowjob dad BDSM masha babko sister naughty lesbians babe beauty brutal lesbians girl softcore skinny fucking image toddler zoophilia laura hardcore 1st siberian mouse studio masturbate pthc lolita abduction masha babko small daugther girl laura gif incest video streaming pussy tight pedo link cum topic links sexdoll horny asian blood brutal babe deep slave family pedophilia dad blowjob free child porn fucked family webcam creampie babe gif family toddler orgy cum drugged blackmail brother download child porn free cp videos masha babko boy nepiophilia deflowering softcore hc forced deep compilation zoophilia asian rapt baby deep preview pedomom zoo cp orgy preview nepiophilia deflowering BDSM download child porn pedomom brutal deflowering pedohub free free child porn father zoophilia download child porn masha babko incest double penetration pedomom lolita hispanic free cp forcing father cute boy hispanic abduction orgy hurtcore video free cp videos double penetration preview cumshot fingered laura viola sleeping zoophilia download cp brutal image penetration video viola naughty download cp spank free child porn asian porn slave jenny topic links download child porn hurt hidden cam download cp mother cute toddler pedomom loliporn fingered tight spank double penetration father sister pedohub free child porn free cp videos girl little hurtcore video father babe boy hardcore tight girl deepthroat forcing double penetration pedomom free loliporn horny spank free cp child boy abduction rindexxx laura free incest father pussy full penetration dead free child porn incest video spank gif preview compilation pedo hardcore compilation free child porn crying skinny abduction double penetration forcing asian sleeping child free cp pthc tiny anal dad hurtcore masturbate pedohub jm masha babko yo pedophilia hebephilia image deep pedohub naughty orgy pedophilia streaming flashing webcam hebe amorzinho lesbians hidden cam blood hurtcore video video sexdoll download cp naughty hurtcore pedo link laura rapist zoophilia catgoddess old sexdoll little girl forced hc viola pthc viola father video jm baby teen double penetration zoo cp little girl wendy viola zoo cp lesbians little girl sister crying free creampie pedo link hidden cam masha babko free child porn zoo cp sextoys pedophilia download child porn brutal download child porn creampie hidden cam video dad jenny free child porn streaming hispanic anal babe hardcore hurtcore orgy rindexxx webcam webcam jm sexdoll blowjob brother hurtcore softcore virgin deepthroat asian compilation virgin creampie vintage little sister anal brutal lesbians webcam pedohub orgy child jenny tiny rapist compilation wendy catgoddess little mother pedo link dead orgy skinny family hebe cumshot skinny download cp catgoddess sleeping free cp gangbang pedophilia yo rindexxx pedohub child little girl forced drugged crying orgy tiny fucked sextoys daugther download cp drugged penetration hispanic sextoys sexdoll blowjob loli little girl virgin fingered teen sextoys pthc hebe brutal toddler free child porn rapt pedomom preview hurtcore video brutal image hispanic deep virgin blood spank free cp videos penetration dead hebephilia tight girl hc9 double penetrationBDSMfucking_naughty_forcingmasha babkounderagefamilyteen fucked_mother_jmmasturbate_hurtcorecreampiebrutalfucking_spank5toddlerpedomomdruggedrindexxxviola hcsextoys_imagehardcore pthc hebephilia_pedo link_free child porn catgoddess_pissing slave_girlcreampie_baby softcore download cpcompilation_naughtyfucking_zoo cp_babelaura fingeredbabyimageanalsleepingpedo link_asian_12_hc jm raptcumshot rapist preview deepdownload child porn forcing_hc_blowjob spank orgy underagefucking nepiophiliaabduction9beauty_pedo_creampiesextoysrape_pedophilia_BDSM_amorzinho_orgyabduction baby family hidden cam fingered_sexdoll_incestteen_hurtcore videogangbang amorzinho_sleepingfather sleeping free cphardcore tied uploliporn_vintage_teen_12 download cplittle girlwebcam_vintage brother_softcore_masturbate deepthroatsister_12 free_gangbang_pedophilia viola sextoys sexdoll_brutaldruggedpussy full penetrationpissing_pornamorzinho_streaming orgy_orgyforced_skinny old pedo linkpreview pissing sexdoll deepviolaorgy_download child porn_bloodgirl familyblood_video_cumshot rapt deepthroat_girlbrutal_drugged_underage toddlerpreviewpreview_orgy orgylolita naughty hurtcore video_videofree cp videos vintagelittle girlrapist slave_sister_hebetoddler_laura_hurtcore gangbang_forced_hardcore gif,bad
22,http://2c3dbejrw43opakns4tlwwfr64iwwcghra6hdfxm66774ib4nzgin5yd.onion,Porn Network Home Price Support Chat Live video VIP Login join Many categories Child porn Boys porn 6yo Girls porn 9yo Little girls Orgy children Pedofamily Child porn animals Man animals Sex bird Stability New materials published daily site members Join growing community Logs keep logs irritants site aggressive popup banners hidden subscriptions Chat welcome chat Public member chat available Categories Pedofamily Boys Girls Orgy children Child porn animals Zoo porn categories Popular Videos Authorization Send Problems login data dont access Support problems please contact us guarantee anonymity Send Get access Silver tariff gives access videos site Gold tariff gives access videos site well VIP section Platinum tariff gives access videos site well VIP section section live broadcasts Buy subscription Buy subscription Buy subscription Payment Order,bad
23,http://lmoneylmwki7lv4vtijsqr23p6odzpyaw3uffsbm6f5e3osy3wkrfvad.onion,Light Money Discount FAQ Proofs Contact GO LIVE FREE DELIVERY World Exspress Shipping ANONIMITY safety 100 SUPPORT 24We always happy help MANUAL Detailed manual every order SERVICE SPEED Minimum lead time order ESCROW Money back guarantee Welcome world LIGHTMONEY offer large selection dark cash transactions lowest price find credit cards great balance Reliability products tested specialists fully consistent description sure honesty seller Delivery Fast free exspress shipping worldwide ship goods within hours payment Support Technical support always happy hear questions online 24also check FAQ VISA Work World Wide Digit PIN Code Included Best Stores Online Shopping ATMs withdrawals BUY VISA Work World Wide Digit PIN Code Included Best Stores Online Shopping ATMs withdrawals BUY VISA Work World Wide Digit PIN Code Included Best Stores Online Shopping ATMs withdrawals BUY MasterCard Work World Wide Digit PIN Code Included Best Stores Online Shopping ATMs withdrawals BUY MasterCard Work World Wide Digit PIN Code Included Best Stores Online Shopping ATMs withdrawals BUY MasterCard Work World Wide Digit PIN Code Included Best Stores Online Shopping ATMs withdrawals BUY American Express Work World Wide Digit PIN Code Included Best Stores Online Shopping ATMs withdrawals BUY American Express Work World Wide Digit PIN Code Included Best Stores Online Shopping ATMs withdrawals BUY American Express Work World Wide Digit PIN Code Included Best Stores Online Shopping ATMs withdrawals BUY IMPORTANT INFORMATION buying check correctness data entered transfer funds third parties wallets indicated payment cells case problems open dispute mail lightmoneyprotonmailcom success rate close 100 however card blocked first three days use receive replacement additional balance Please try deceive us always check status card case blacklisted Happy shopping Thank cooperation Enable JavaScript start order dangerous anonymity Reliability PayPal Safely Fast transfer Easy 100 guarantee blocking personal account BUY PayPal Safely Fast transfer Easy 100 guarantee blocking personal account BUY PayPal Safely Fast transfer Easy 100 guarantee blocking personal account BUY Western Union Safely Fast transfer Easy MTCN number tracking receiving transfers BUY Western Union Safely Fast transfer Easy MTCN number tracking receiving transfers BUY Western Union Safely Fast transfer Easy MTCN number tracking receiving transfers BUY MoneyGram Safely Fast transfer Easy Reference number used receive cash specified office BUY Card Transfer Safely Fast transfer Easy 100 guarantee blocking personal account BUY Payeer Safely Fast transfer Easy 100 guarantee blocking personal account BUY Welcome Easy Safe eGifts wanted buy something long time waiting discounts help make purchases enjoyable Thanks electronic gifts make purchases world sites much profitable Safely 100 Egifts tracked Funds credited resource account site convenient need wait Egifts delivered immediately payment Email address specify placing order Support 24The support service quickly solve problem Fast activation Egifs buy dream right Amazon Gift Safe fast Easy Code sent specified email address BUY Ebay Safe fast Easy Code sent specified email address BUY Asos Safe fast Easy Code sent specified email address BUY Evidence Reviews Open Proof us FAQ Proofs Contact Product Prepaid Card Money Transfer eGifts Proofs Delivery Contact lightmoneyprotonmailcom price Use EscrowCoin transactions protected EscrowCoincom,bad
24,http://2a2a2abbjsjcjwfuozip6idfxsxyowoi3ajqyehqzfqyxezhacur7oyd.onion,Empire Market Best darknet market Credit Card Cloned Carding Hacking Drugs Dumps Paypal Hack Free Bitcoin Money Counterfeit Cash Buy Gun Gift Passport Visa Mastercard Amex Verified Trusted Bitcoins Escrow Top Hidden Wiki Onion Links Forum Skip content Empire Market Best darknet market Credit Card Cloned Carding Hacking Drugs Dumps Paypal Hack Free Bitcoin Money Counterfeit Cash Buy Gun Gift Passport Visa Mastercard Amex Verified Trusted Bitcoins Escrow Top Hidden Wiki Onion Links Forum Shop FAQ Escrow Shipping Bitcoin Vendor News Total items View Cart products cart BOOKMARK SAVE URL http2a2a2abbjsjcjwfuozip6idfxsxyowoi3ajqyehqzfqyxezhacur7oydonion 12132021 Special offer Use code checkout get discount COVID EMPIRE MARKET VENDOR MONTH BTC Bitcoin wallet New items added TODAY Counterfeits Credit Cards Documents Drugs Gadgets Gift Cards Guns Money Transfers EVERY TRADE PROTECTED ESCROW LEARN iPhone Pro Max 512GB Rated based customer ratings COVIDVACCINE CARD CERTIFICATE registered WORLDWIDE w QRCODE Sale Product sale Rated based customer ratings PreShredded USD CASH Sale Product sale 21Rated based customer ratings USDEURCADAUDGBPANY Stress free virtual physical CC Private method WORLDWIDE Sale Product sale Rated based customer ratings SALE LB GRAMS Bubba Kush Fire Sale Product sale Rated based customer ratings Hacking Services network Sale Product sale Rated based customer ratings x MasterCard Prepaid 3100 2700 Sale Product sale Rated based customer ratings USD Cash App money transfer cashapp flip Sale Product sale Rated based customer ratings PayPal Transfer 2500 Rated based customer ratings Become vendor darkweb market JOIN US Tracking Tracking given day purchase found receipt confirmation email receive Physical shipment vendors ship package within hour receiving notification payment Escrow DHL UPS ship MondayFriday holidays Vendors ship FEDEX MonSat delivery service mention checkout process ask want special FEDEX DHL UPS MAIL packages mailed day Packaging Labeling Small orders shipped inside magazines binders Large orders shipped boxes labeling appear like Ebay Amazoncom package Additional stealth precautions taken dont publicly share Please let us know special requirements Items via Emai Gift Cards CreditDebit Cards Transfersetc Items sent via email require identity information name address etc enter random characters alternative Client receives response within hrs case mass digital goods orders receiving order may take 5hrs advise patient respond accordingly Recent Commentsseller COVIDVACCINE CARD CERTIFICATE registered WORLDWIDE w QRCODEDes COVIDVACCINE CARD CERTIFICATE registered WORLDWIDE w QRCODEanony BTC Bitcoin wallet limited stock VENDOR MONTH seller x Visa Prepaid 3100 2700my cup runith PreShredded USD CASHFrenk x Visa Prepaid 3100 2700seller PreShredded USD CASHPeter PreShredded USD CASHAnonymous PreShredded USD CASHCUNTGOBBLER PreShredded USD CASHAnonymous PreShredded USD CASHStealth PreShredded USD CASHJokster PreShredded USD CASHseller SIG Sauer P250 MM Threaded Barrelcapxx SIG Sauer P250 MM Threaded BarrelShopCounterfeits 12 Credit Cards 18 Documents 22 Drugs 50 Gadgets 47 Gift Cards 14 Guns 36 Money Transfers 18 30 Vendor month BTC Bitcoin wallet limited stock Hot right PreShredded USD CASH InfoHow pay Read Shipping FAQSupport empiresupportairmailcc Copyright Empire Market Right Reserved Theme NewStore ThemeFarmer X,bad
25,http://deepmexzsejpzqid3k7knaas2p73dko6kxgpou7oey7vqtmrhopjyqyd.onion,Forbidden Forbidden nginx,bad
26,http://torbuyxpe6auueywlctu4wz6ur3o5n2meybt6tyi4rmeudtjsysayqyd.onion,TorBuy ESCROW SUPPORT FORUM STATUS ORDER Login Registration Carding Electronics Gift card Hacking Money counterfeits Money transfers Escrow Support Forum Status Order Carding Electronics Gift card Hacking Info Money counterfeits Money transfers Anonim secure ESCROW Guaranteed Reliability Support touch 24Trusted Vendors Seller control TOP VENDORS PURPLE Carding Online selling1367 View Shop WEBSTERN Money transfers Online selling814 View Shop PayPal mania Money transfers Online selling1232 View Shop Oliver FOX Money transfers Online selling705 View Shop FASTGFT Gift card Online selling407 View Shop SHADOW APPLE Electronics Online selling866 View Shop QUICK MAGIC Money transfers Online selling577 View Shop TonceHack Hacking Offline selling216 View Shop Stop Game Electronics Online selling681 View Shop Show vendors HOT SALE sale Visa Prepaid Card PURPLE sale MSI GP75 Leopard RTX Stop Game sale MacBook Air 13inch MacStock sale USD WEBSTERN sale iPhone SHADOW APPLE sale 5 Winger sale ASUS ROG Zephyrus S17 RTX Super Stop Game sale aMZN FASTGFT sale Huawei P40 Pro L Android sale Samsung Galaxy S10 L Android sale Intel Core i58600K Stop Game sale XBOX ONE X Stop Game sale PS4 PRO 1TB Stop Game sale Visa Cloned Card 2500PARALECT Sold sale Visa Cloned Card 2500PARALECT 24x7 Free Support Traffic Encryption Bitcoin Mixer Real Reviews CONTACT US torbuydnmxorg INFORMATION Support Center Ording Tracking Escrow Forume COMPANY Become Vendor use Bitcoin buy Bitcoin CATEGORY Carding Electronics Gift Card Haking Money counterfeits Money transfers TORBUY decentralized trading state Send message Модуль вебформ установлен item added cart Checkout Loyalty program New Buyer 0Purchases Discount 0 Regular Buyer 4Purchases Forum Access Discount 5 VIP Buyer 12 Forum Access VIP Support Discount 10,bad
27,http://dwzsbmxatitqrid3ptthlzmigkcrmfkdt7pwh7ej7yukjgbnybuf4rid.onion,ECash Paypal Western Union Credit Cards ProductsBuyer Guide Support LoginRegister ECash Nr1 Shop ProductsBuyer Guide Support LoginRegister British pound Canadian dollar Euro United States dollar Shopping Cart x Cart empty Please wait Leave search box empty find products enter search term find specific product Sort bySorted Product Name Product NameProduct PriceOrdering Results Latest Products Ebay Gift Card 150 Sales price 5000Discount Price kg Product details Ebay Gift Card 300 Sales price 7500Discount Price kg Product details Amazon gift Card 300 USA Sales price 7500Discount Price kg Product details Top ten Products Amazon gift Card EURO Sales price 8455Discount Price kg Product details Amazon gift Card 300 EURO Sales price 8455Discount Price kg Product details Amazon gift Card 150 EURO Sales price 4509Discount Price kg Product details Products Neteller Money Transfer 1000 Sales price 7500Discount Price kg Product details Neteller Money Transfer 2000 Sales price 14000Discount Price kg Product details Neteller Money Transfer 500 Sales price 5000Discount Price kg Product details Paypal Transfer 1000 Sales price 7500Discount Price kg Product details Paypal Transfer 2500 Sales price 14000Discount Price kg Product details Paypal Transfer 500 Sales price 5000Discount Price kg Product details Steam Gift Card EUR Sales price 4509Discount Price kg Product details Steam Gift Card USA 150 Sales price 5000Discount Price kg Product details Western Union Transfer 1000 Sales price 7500Discount Price kg Product details Western Union Transfer 2000 Sales price 14000Discount Price kg Product details Western Union Transfer 500 Sales price 5000Discount Price kg Product details purchase seller months sometimes delay ALWAYS delivers Anonymous Fast reliable One real legit shops guy never lets Anonymous One Tried meney different sellers first time found one doenst let Anonymous Tried meney waited like houres importantly received Anonymous Took Fast Delivery orders shipped within max 12houres Bitcoin accepted Fast Support team responds asap questions,bad
28,http://ujuwmruwekgs7ekzlpzrmvkgj7bmsykrcqbmhup3hinpm7lhl2howbqd.onion,Choose Better telling whether onion site scam Categories Cloned Cards Paypal Accounts Gift Cards Electronics Counterfeit Money Fixed Matches Hacking Services Fake passportsIDs Escrow Services Need Help choosebettersafemailnet Choose Better buy something onion site dont want get scammed could help already tested lot sites know scams Note dont sell gadgets cards fixed matches etc share informations legit services scams deep web money choosebettersafemailnet start exploring website surely find many interesting things Scam links presented free category Choose category Cloned Cards help checked many cloned cards sellers scam legit lists scam one legit one Learn Buy Paypal Accounts found Paypal transfers well WU MoneyGram scam found legit paypal accounts sellers Learn Buy Gift Cards gift cards sellers checked many lists scam legit Learn Buy Electronics people lounder money selling expensive original gadgets people try scam people Check lists Learn Buy Counterfeit Money Everybody knows counterfeits myth checked many counterfeits sellers create scam legit lists Learn Buy Fixed Matches believe fixed matches best way earn money involving criminal fixed matches sellers legit Learn Buy Hacking Services Hackers demanded nowadays Thats many scammers provide hacking service Check lists hackers Learn Buy Fake passportsIDs need fake ID surely try buy one deep web Check scam list buy legit list fake ID sellers Learn Buy Escrow Services Unfortunately deep web escrow services scam list legit clearnet escrow services Learn Buy Confirmed scam categories Bitcoin multipliers reason sell Bitcoin Bitcoin excuses Prepaid cards reason sell money money NB legit sellers cloned cards WU MoneyGram transfers reason sell real money real money NB legit paypal accounts sellers Categories never check Drugs Narcotics pure evil Also dangerous check Guns People use weapon kill people dangerous check Adult categories kids protected Checking category would disgusting Frequently Asked Questions check general check sellers test purchases add seller legit list get stuff Also accept customers feedbacks strong proofs scam cases links different categories one seller could provide different services instance cards gift cards paypal case add seller different categories scam categories mean Confirmed scam categories sellers scammers Sad true CATEGORIES totally scam legit sellers list Bitcoin multipliers Prepaid Cards Preshredded money Western Union transfers MoneyGram transfers SCAM Note prepaid cards cloned cards Cloned cards exist trust Choose Better best make sure service soe picks Check unmoderated comments People could add anything want Check score Onion Scanner Try find negative reviews deep web bet wont find place order choose categories want buy buy via bitcoin payment gate contact us choosebettersafemailnet buy via another crypto refund guarantee havent received refund requests yet face troubles sellers provided contact us refund loss Instant delivery blockchain confirmations Support 24Contact us hours day Secure Payments 100 anonymous payments Free updates find new legit sellers Email choosebettersafemailnet Choose Better Cloned Cards Paypal Accounts Gift Cards Electronics Counterfeit Money Fixed Matches Hacking Services Fake passportsIDs Escrow Services Accept Payment Via Choose Better 2021,bad
29,http://22222ask5k2lowak6okzehjjbbbadrmgc2m2vnaj2uiofhn4rxjds6id.onion,TorLinks onion Link List Hidden Wiki Deep Web Onion Urls Onionland Tor linklist TorLinks onion Link List Commercial Links Introduction Financial Services Commercial Goods Drugs Domain Services Erotic NonCommercial Links Services Hacking Email Erotic Forums Blogs Social Others NonEnglish TorLinks moderated replacement Hidden Wiki serves link url list Tor hidden services Feel free copy deep web link list directory website make others aware darknet regulary update Tor onion sites site ads Introduction PointsNonCommercial Links Ahmiafi Clearnet search engine Tor Hidden Services DuckDuckGo Hidden Service searches clearnet Torlinks TorLinks moderated replacement Hidden Wiki Link dir Onion links dir deep web search engine Hidden Wiki mirror Hidden Wiki days old users edit main page Evil Tor search engine indexes hidden services Tor Selfdefense Surveillance Guide Tips Tools Howtos Safer Online Communications clearnet Λ ads Financial ServicesCommercial Links Best Financial Market Prepaid cards VISAMasterCard Cloned Cards Gift Cards VISAAmazonPayPal PayPalWestern Union Transfers Green Machine Forum type marketplace oldest experienced vendors around Get paypals CCs etc Light Money Discount service Prepaid Cards Money Transfers Gift Cards Premium cards Oldest cc vendor Top quality Us Eu credit cards Financial Oasis slew products darker side finance netAuth Automatic system buy Paypal accounts credit cards instantly email Socks5 included Capital Ventures Offering high quality prepaid products great deal Paypal Baazar Paypal accounts sale Cash Machine Phished PayPal Neteller Skrill BoA Wells fargo bank Accounts Paysafecards US EU Credit cards available Global Carding Forum Escrow Accepted CashApp Western Union Moneygram Paypal Zelle Amazon Ebay Wire OffShore Bank VCC CC Pin Queen Galaxy Female Carding Shop Since 2011 CashApp Western Union Moneygram Amazon Wire Transfer Prepaid Debit Credit Bitcards trusted credit cards store darknet returning customers KryptoPayPal PayPal Cashout Service Get account balance back Bitcoin TOP Cards Credit Cards Trusted Vendor unionFast shipping CCard Shop Physical credit cards High balance available order Paypal bitcoins payment method USJUD Counterfeits EUR USD Western Union money trusted escrow accepted trusted seller Financial Market Prepaid cards VISAMasterCard Cloned Cards Gift Cards VISAAmazonPayPal PayPalWestern Union Transfers Escrow Accepted BlackWhite Cards High Quality PrePaid Debit Cards PIN Good Customer Service Best Deals Real currency Finest bills market Passes known tests Random serials topnotch currency Cards World Get Financial Freedom Today PPCC Money vault 24automated PayPal Credit card shop New stock every day Safe cashout Cash Cards Oldest seller old HW Fresh stock 999 safe Worldwide cashout Express shipping Escrow Horizon Store Automated carding storeFast replies 90 cards valid Black Store Bank cards store fresh stock instant delivery Every deal protected Escrow service Queens Cash Buy PreShredded USD EURO Currency fraction value SELL REAL CASH Millioner Private Club Without registrationLimited time Credit cards PayPal Gift Cards Ebay Steam Amazon CC Fullz Western Union Undetectable Counterfeits Λ ads Commercial ServicesCommercial Links Fast Money beautiful shop clients need Prepaid Cards PayPal accounts PayPal Western Union MoneyGram transfers bestseller experienced carders CC Fullz Guns Dark Market Guns market buy guns full auto assault rifles pistols grenade launchers etc Protonix Market Place Best dark web link buy Credit Cards PayPal transfer WU Bank accounts Counterfeiting Center use new technology bills printed using cotton fiber 8099 originally sourced common white linen rag wood fiber 13 titanium white 235 weight total wood fiber polyamide epichlorohydrin 052 weight total cotton fiber aluminum chloride polyamide epichlorohydrin melamine formaldehyde resin animal glue Empire Market Vendor CStore Electronics purchased carded giftcards Everything Brand new Full escrow accepted Apple Palace low priced Apple Products Gold Diamonds Genuine Gold Diamonds Rhino Horn shipped Germany USA Football Money Fixed football games info HackingTeam Hacking Service Team EuroGuns european arms dealer USfakeIDs High quality USA Fake Drivers Licenses Fake Passport ID sale Website selling qualitative EUUSAUSCAN fake passports ID cards drivers licenses Samsungstore Samsung tablets smartphones notebooks escrow Kamagra Bitcoin Viagra cheaper Apples4Bitcoin Cheap Apple products Bitcoin Onion Identity Services Selling Passports IDCards Bitcoins Apple World Carded iPhones iPads Macbooks iMacs consoles shipping worldwide Amazon Cards Bring dreams reality amazing Amazon gift cards Mobile Store Factory unlocked iphones smartphones Cards Credit cards high balance Low Balance CCs Get cheap low balance cards Bitcoin Fortune Buy New Bitcoin Miners discount EasyPayPal Trusted PayPal onion shop big history Good prices Empire Market popular favorite dark web market Everything need Guaranteed stealth shipping worldwide Λ ads DrugsCommercial Links Drug Market Anonymous marketplace kinds drugs Greenroad Biggest marketplace full working escrow WeedCo WeedCigarettes Prix BasLow Price EuCanna First Class Cannabis Healthcare Medical Grade Cannabis Buds Rick Simpson Oil Ointments CannabisUK UK Cannabis vendor selling organic weed DeDope German Weed Shop Weed Hash Germany BitPharma EU vendor cocaine speed mdma psychedelics subscriptions Brainmagic Best psychedelics darknet NLGrowers Coffee Shop grade Cannabis netherlands Pot Shop Weed Pot Shop Trading longer year Steroid King steroids need Wacky Weed Hi Quality Green Wacky Prices Λ ads Domain ServicesCommercial Links OnionName Choose desired domain name prefix order onion domain starting mBTC letters Λ EroticCommercial Links Darkscandals Real rape humiliation forced videos much extreme videos Pack video files packs Λ ads ServicesNonCommercial Links Tor link lists search engines Hidden Wiki Wiki style link list TOR Link DIR small list onion links DIR Simple onion website list TORCH Tor Search Engine claims index around Million pages TORMAX Another search engine Hosting TorVPS Shells Free torified shell accounts used onion hosting IRC etc SporeStack APIdriven VPS hosting Bitcoin Clearnet hidden Tor hosting HomeHosting system administrator set private home server Prometheus_Hidden_Services Payed hosting provides Virtual Private Server VPS Linux Darknet design Web design HTML CSS PHP plus graphics design things Daniels Hosting Free hosting Λ ads HackingNonCommercial Links HeLL Forum HeLL Reloaded back RelateList New era intelligence CODE GREEN Ethical hacktivism better world Join us participate modern world protests Hack Canada America joke Canada punchline Oldish hacking site hosts archives Hack Place Site several books resources software development pentesting hacking fight censorship Reporters Without Borders project aims combat censorship promote flow news information Λ EmailNonCommercial Links Protonmail Swiss based email service encrypts emails locally browser Free paid accounts Mail2Tor Mail2Tor free anonymous email service made protect privacy TorBox hidden mailbox service accessible TOR without connection public internet Eludein Eludein privacy based email service BitcoinMonero exchange BitMessage Connects bitmessage email services Registration available using clearweb link TorGuerrillaMail Disposable Temporary EMail Address Chat strangers Talk random users anonymously CTemplar First ever high end fully encrypted tor email service Shielded Securityfocused mailbox hosting customizable ONION domain name Payment smart escrow multisig contracts Lightning Network transactions Ableonion Random chat tor users ads Books OnionWarez Warez forum Tor Library GB pdf chm djvu Design Russebertene Example rendezvous points page Thomas Paines Common Sense Federalist papers Destination Unknown Small selection Searchlores Cryptonomicon Thelema LiberaTor Making weapons military training related subjects Free Bibliotheca Alexandrina English Spanish German books Laughing Nihilist Drugs writing Mister Collection writings art selected texts deeply personal views philosophy existence ParaZite Collection forbidden files howtos pdf txt etc Λ ads EroticNonCommercial Links Fappening Onion Compilation Leaked celebrity nudes Darkscandals Real rape humiliation forced videos much extreme videos Pack video files packs Λ ForumsNonCommercial Links Stock Insiders Oldest Largest Insider Trading Forum community exchanging Insider Information Publicly Traded Companies Intel Exchange Know need know something Ask share underground intelligence gathering network DNM Avengers Darknet drug forum reviews marketplace discussion OnionLand Discussion forum Darkweb markets related topics Dread Reddit like website Λ ads BlogsNonCommercial Links Tor Metrics Welcome Tor Metrics primary place learn interesting facts Tor network largest deployed anonymity network date something measured safely youll find Superkuh Much information spectrogram wireless radio Beneath VT Exploring Virginia Techs steam tunnels beyond Tor CP Free clean Tor Tor users CP Go Beyond blog politics potatoes technology Tor etc Λ SocialNonCommercial Links Connect Connect collective recognizes promotes anticapitalism antiracism antifascism antisexism antimililtarism antiwhatthefuckever refusal authoritarianism hierarchies Galaxy3 Galaxy3 new Social Networking experience darknet Torbook Facebook Tor Share memories connect others make friends Facebook real Facebooks Onion domain Claim keep logs Trust peril Whistleblowing WikiLeaks WikiLeaks DeepWeb mirror famous Wikileaks website Doxbin pastebin personally identifiable information SecureDrop opensource whistleblower submission system managed Freedom Press Foundation Λ OthersNonCommercial Links DuckDuckGo metasearch engine heavy filtering IIT Underground Information photos steam tunnels roofs Illinois Institute Technology Λ ads NonEnglishNonCommercial Links Finnish Suomi Sipulilauta chan Silkkitie Silkkitie Blue Quarters Forum Discussion forum French French Freedom Zone Malwares Hacking Dev Esoterisme Elitisme Aristocratie French Deep Web administered moderate French board 1er forum francophone German Deutsch Konkret das linke Magazin Archiv MadIRC Deutscher IRCChannel Italian Italiano BlackHost small website developed Italian programmer New System Disorder Italian Hackers Community Stay Tuned IDC Reloaded Italian DarkNet Community Polish Polski Teczkohen powrot obrazkowego forum tematyce stalking Polska Cebulka Najstarsze dzialajace polskie forum Spanish CebollaChan CebollaChan el torchan en Castellano TorPez Foro de seguridad informatica entre otras cosas Swedish Svenska MoralNu Vad ar moral KognitionsKyrkan Spiritual stuff Λ ads report missing broken links scams please Contact us Disclaimer site provides links Tor hidden services way responsible content sites host infrastructure2022,bad
30,http://5n4qdkw2wavc55peppyrelmb2rgsx7ohcb2tkxhub2gyfurxulfyd3id.onion,TOR LINKS Best Onion Link Collection __ __ __ __ wwwtorlinksinfo Top Onion SitesMarkets Carding Transfer Escrow Links Email Hosting Hacking Search SCAM Add Onion Serivce Advertising Disclaimer Hidden WIKI FRESH Hidden Wiki FRESH easiest way find information Tor network working links trusted sites CP ORIGINAL CREDITCARDCENTER CreditCard Vendor Since Prepaid VISA Amex MasterCards Western Union PayPal Moneytransfer within min 24Support Escrow Payment Deep Money Transfer Deep Money Transfer Reliable Transfers TOR Ultra Fast Processing Multi Escrow Safely easily purchase goods services unknown untrusted sellers stores bitcoin currency reliable Escrowservice ALPHA CARDS Top Vendor Since Prepaid VISAMasterCards Experts Western Union Transfer PayPal Transfers minimum fee high quality transfers Online DeepLink Onion Directory Onion DIR Apple Store top Apple products Crypto Hacking Group Wallet Recovery Phrases easily anonymous integrable binance Trust Wallet App Hacked Wallets PlasticSharks CLONED VISA CARDS CLONED MASTERCARDS PAYPAL LOGIN INFORMATION Magnate Black Carding Service Prepared cards VISAMasterCard work 24to provide best money service darknetBest prices guarantee clean deal Deep Search Powerful Search Engine TOR Mr Green Make 137651within months Deep Web Covid19 Vaccination record Digital COVID Certificates contains QR code digital signature protect falsification Onion Links Uncensored Onion Links Collection Buy Real Money BUY Money Smart Safe Way Stay away counterfeit methods send jail Page 4,bad
31,http://wiki6dtqpuvwtc5hopuj33eeavwa6sik7sy57cor35chkx5nrbmmolqd.onion,Trust wiki Sections categories Search engines Marketplaces Anonymous services Buy Cryptocurrency Email services Forums Hosting Scam List Social Networks Torrent Media VPN Add link Advesting Donation Report us Sections categories Search engines Marketplaces Anonymous services Buy Cryptocurrency Email services Forums Hosting Scam List Social Networks Torrent Media VPN Add link Advesting Donation Report us Search engines Tordex One best search engines Everything interests found safely anonymously realm Quite young search engine excellent selection sites Ahmia Ahmia searches hidden services Tor network Abuse material allowed Ahmia Torch oldest search service world Tor OnionLand Convenient fast search service Lighter Powerful site indexing nice interface V2 Service available VisiTor One first stable search engines Tor network Sentor quick easy use search service Torch Tordex updated stable version Torch Bobby new highquality search service site database constantly updated Marketplaces TorBuy Safe Tor Marketplace Light Money One reliable fastest Discount Services sale Prepaid Cards Money Transfers Gift Cards Tor network Robot Money Automated website money transfers card data Goldman Financial Services Financial service provides paid services fast money transfers BuyMoney Fully automatic order fulfillment system Bitcoin Monero payments Richi friendly community financial services Darknet Quick Money community anonymous financial hackers requests handled operator option track order Forums Dread popular forum DarkNet news Deutschland Germany deep web DNMAvengers Questions everyone Questions everything TorForum Helpful articles discussions Dark Web markets Hidden Answers popular board answers questions Limit French Zone Alternative Dread Runion Runion Russian forum created people heightened sense justice anonymity security freedom highest priority among aspects communication Hosting Kaizushi Offers hosting PHPDjangoRails secure grsecSELinux system currently offering shell accounts shared server hosting VPS hosting Impreza Host time host site onion network Kowloon Hosting Services Stealth TOR hosting PHP MySQL Control panel MB GB Free Trial Accounts TorPress Free WordPress hosting darknet CYRUSERV Hosting service emphasis security open business Freedom Hosting Reloaded Free anonymous hosting PHP MySQL Support SporeStack Accountless APIdriven VPS hosting Bitcoin Bitcoin Cash Bitcoin SV Monero Njalla confidential domain VPS work Purchase card cryptocurrency Responsive technical support Image Hosting image hosting Dark Web Studio First web studio Tor Email services DNMX Secure anonymous dark net email service cares privacy Protonmail Swiss based email service encrypts emails locally browser Free paid accounts UPD Warning Blocking suspicious accounts Mail2Tor New Tor Mail Server clear web Nevertheless working properly post written delayed emails secMail secMail complete mail service allows send receive emails without violating privacy Offline Guerrilla Mail Disposable Temporary EMail Address Eludein privacy based email service BitcoinMonero exchange TorBox hidden mailbox service accessible TOR without connection public internet CTemplar First ever high end fully encrypted tor email service Onion Mail Onion Mail manage emails normal network onion network personal data required create account emails encrypted PGP public key Social Networks Facebook real Facebooks Onion domain Claim keep logs Trust peril Galaxy3 revival old Galaxy community Ableonion Chat Chat anything Freedom speech without limits RiSEUP Communication VPN Safety ProPublica Journalism Public Interest uncensored Scihub Scientific articles digital paradise scientific research Scam List Empire Market Fake Nothing real Empire Torch Fake sites listed site also fake scammers Xmatches information matches Bitcards Buyers never receive goods Deep Money Transfer security protocols nothing Tor network Lots complaints Tor Onions 12 sites presented fakes Lots peoples watermarks emails evidence Tor Links 11 Advertising dangerous well fraudulent sites CC KINGDOM Proofs stolen Empire vendors order never delivered Cash God Lots complaints payment one answers DeepLink Onion Directory Every site hidden directory fake Dangerous Cash Cards Clone Nobody fulfills orders Belongs DeepLink Onion Directory administration Best Financial Market Clone real owners gone business Belongs DeepLink Onion Directory administration Top onion Big fraud fake catalog Goldman Financial Services Another fake site promoted scam directory Trust Market Cheap copy several sites one Content stolen markets Happy Market stolen copy site name change Orders fulfilled Robot Money Fake original site fulfills orders Fast Card service site large list scammers Orders fulfilled Financial Service project assembled several sites Simple Cash Orders never fulfilled SALE SHOP Lots complaints IMPERIAL Fake original site unavailable Top wiki Big fraud fake catalog Dangerous Global Tor Links Extensive network links fake great danger Tor Scam List Fake site Listed scam sites verified markets Dangerous Multi Escrow money received Hidden Wiki Fake Nothing legitimate Hidden Wiki entire list sites fraudulent Best Financical Market Imperial Old scam Deep Market Another old dangerous site Negative reviews throughout Internet every forum Scam 100 Hidden Marketplace Scam sellers goods stolen markets Orders never executed Black Market Site created foreign markets related legal markets Big Scam Hidden Wiki Fresh Dangerous list Recommended markets fraud 100 scam wiki VPN Nord VPN 60 Country3600 ServersOnion VPNAnti Dos Server UltaFast TV Server Dedicated IP Server Standerd VPN Server Day Money Back Guarantee Express VPN 94 Country1700 Servers Day Money Back Guarantee IPVanish 60 Country1000 Servers Day Money Back Guarantee RusVPN CountryServers Day Money Back Guarantee CyberGhost VPN simple reliable service anonymity Torrent Media TorrentGalaxy Download thousands terabytes absolutely free safe Rutor Russianlanguage torrent programs books games films SuprBuy popular torrent forum oniontv Various video content government censorship Buy Cryptocurrency Bitcoinorg main information portal find necessary information buying Bitcoin also choose wallet use bitcoin Paxful Buy sell Bitcoin worldwide Multiple payment methods Free bitcoin wallet much right Paxful Localbitcoins Service facilitates overthecounter trading local currency bitcoins AgoraDesk Ability Buy Sell Bitcoin Monero LocalMoneroco Marketplace sale purchase Monero xmrguide helpful tutorial setting working Monero Anonymous services Letters Anonymous Online platform people submit letters anonymously Send Anonymous Email Free service anonymous letters Without registering Calyx Institute Jabber Internet security tools Mobile Internet CalyxOS Digital services Privacy Research Educational Programs SeedVault Keybase Secure messaging filesharing PGP Suite simple easytouse clientside PGP tool Tor2Web Proxy secure browse onion Deep Web links service serves online browser browsing links securely anonymously oniontorprojectorg list onion resources Tor Project SecureDrop SecureDrop open source whistleblower submission system media organizations install accept documents anonymous sources MEGATor MegaTor supersimple anonymous file sharing service thats available normal internet Best free decently fast PrivacyTools Anonymity Yes Extensive directory antisurveillance tools services educational materials,bad
32,http://hxuzjtocnzvv5g2rtg2bhwkcbupmk7rclb6lly3fo4tvqkk5oyrv3nid.onion,DNMX Anonymous Email Provider Login Email Email Password Login Register DNMX DNMX Dark Net Mail Exchange free use email service works like Gmail yMail dont care never ask information reveal identity dark net trust Dont Dont trust service dark net strongly recommend use PGP encryption sending sensitive information encrypt servers make best effort secure site never trust us iMap PoP3 support would make easy users send spam available service buy advertising Ad cost month Banner size 468x60 Please use TorDex advertising service place ad TOS,bad
33,http://tordexpmg4xy32rfp4ovnz7zq5ujoejwq2u26uxxtkscgo5u3losmeid.onion,Uncensored Index Tor Onion Sites TorDex HOME DIRECTORY ADVERTISING WEBMASTERS CONTACT Uncensored Dark Net Search Engine 2017TorDex Sitemap Home Advertising Webmasters Contact Top Searches hidden wiki paypal accounts forums porn Directory Best Marketplaces Best Wikis Best Email Services Best Search Engines Services DNMX Email Realm Search Torch Search,bad
34,http://orealmvxooetglfeguv2vp65a3rig2baq2ljc7jxxs4hsqsrcemkxcad.onion,Uncensored Tor Search Engine OurRealm Advertising Search beyond censorship Search Carding Forum Porn Bitcoin western union Hidden Wiki Copyright OurRealm Search orealmvxooetglfeguv2vp65a3rig2baq2ljc7jxxs4hsqsrcemkxcadonion,bad
35,http://z4odvem6bfypjqmwhsgtdaqtkkwgbxhe63dzq2lpnrmnmb6bgoafirad.onion,Xhacker xHacker Services Hacking Education Contact xHacker independent security researcher Hacking social engineering business since 2008 never real job time get really good spent half life studying researching hacking engineering web technologies worked people Silk Road Im also offering services everyone enough cash Technical Skills Web HTML PHP SQL APACHE CC Java Javascript Python 0day Exploits Highly personalized trojans Bots DDOS attacks Spear Phishing Attacks get passwords selected targets Hacking Web Technologies Fuzzing NOSQLi XSS LDAP Xpath Social Engineering Services independent security researcher Hacking social engineering business since 2004 never real job time get really good spent half life studying researching hacking engineering web technologies worked people Silk Road Im also offering services everyone enough cash Ill Ill anything money Im pussy want perform illegal shit work government targets Ill examples Hacking web servers computers smartphones Malware development operating system Economic espionage corporate espionage Getting private information someone Change grades schools universities Password recovery much Prices Im make bucks Im shit eastern europe country happy scam people bucks Im proffessional computer expert could earn 50bucks hour legal job stop reading dont serious problem worth spending cash Prices depend lot problem want solve minimum amount smaller jobs USD pay anonymously using Bitcoin Learn prices Services page Payment conditions wont start work without payment guarantee ways pay Via bitcoin directly 50 50 upon completion Via Bitcoin 100 escrow Escrow conditions Escrow protects time money okay use escrow security conditions Clearnet escrow services Escrow accept Bitcoin payments Escrow allow illegal deals Usually find terms using page going offer escrow service always choice choose exact escrow service going use going check escrow allows illegal deals Please xhackersafemailnet2015 Xhacker,bad
36,http://s23qqol2abb4bs5wtzwma5mv2w33rdlrupfqh2byveqczrurjvzp6lad.onion,HACKING PROJECT effective reliable team cybersecurity experts hackers certified pentesters digital investigators focused quality quantity aim deliver highend hacking projects the_hacking_projectprotonmailcom Services Information Gathering OSINT Analysis Cyber Reconnaissance Web Application Analysis Vulnerability Analysis Digital Forensics AntiForensics OS Setup OS Security Hardening WebServer Setup Penetration Testing Advanced Web Attacks Social Engineering Email Hacking Social Media Hacking WebServer Hacking Phishing Attacks DDoS Attacks Steganography also provide Custom Software advanced hacking tools installation monitor remote surveillance target geolocation PhysicalVirtual OS isolation setups Tor Onion Services setup Anonymous Hosting Personalized Python scripts custom scrapers Malwares trojans backdoors custom botnets remote app monitors Personalized dos attacks custom DDoS attack mitigation scripts Smartphone Hacking Anyone vulnerable phone hacking Smartphones brought private accounts data single convenient location making phones perfect target hackers need compromise mobile device dont hesitate ask Computer Hacking need access computer remotely without detected smartphones webservers everything vulnerable human factor always play Using phishing hacking networks installing malware help achieve goal Website Attacks WebServer Hacking Advanced Web Attacks exploiting vulnerabilities compromise website whether via DDoS oldie goodie SQL Injection effective methods hack WebServer Website Database Social Media Hacking Hacking Social Media account daily task us Whether need Facebook Instagram Twitter WhatsApp account hacked Social Engineering experts help access without detection Email Hacking need Gmail Yahoo Hotmail account corporate email password execute SET undetectable methods regardless 2FA security measure get job done max hours Custom Software Need personalized software deliver highefficient undetectable custom software malwares trojans backdoors custom DDoS botnets custom RATs Apps monitor target surveillance geolocation much Digital Forensics Data lost need recover passwords files investigate computer smartphone Whether conducting corporate investigation criminal investigation cyberintrusion event investigation digital forensics skills critical OSINT Internet become largest repository data history humankind OpenSource Intelligence experts know find identify use data forensic investigations reconnaissance phase hacking WebServer Hardening common way attackers begin probe web server possible exploitation sending remote request pulls back valuable information served server signature help hardening webserver mitigate attacks Contact Us reach us the_hacking_projectprotonmailcom encrypt messages use public pgp PGP Fingerprint A2F8 E80D AFBE 8B40 4F61 D5C3 quieter become able hear 2021,bad
37,http://7swiozgvon3ypusrtdxlv2awqym35irv4y22jyj365gmdefmbs2bw2id.onion,h4ck3r Hacking Services Hire Hacker Security Researcher Offensive Security Web Expert OSWE Penetration Tester Social Engineer h4ck3r reloaded independent security researcher offensive security web expert OSWE studying web technologies hacking penetration testing social engineering information security offensive security since 2002 Technical Skills Web HTML CSS Javascript PHP MySQL MariaDB Apache NGINX CC Python Social Engineering Information Gathering Maltego Hacking Web Technologies SET Metasploit Burp Suite Nmap Wireshark Nikto Socat Reverse Proxy Advanced Web Attacks Exploitation AWAE Hacking Services Hacking web servers computers smartphones Malware development OS Social Media hacking Change grades schools universities Getting private information someone Exploits Trojans Backdoors Android RAT Keyloggers Spywares SQL injections attacks DoS attacks Phishing attacks get passwords selected targets Forensics data analysis Password Recovery Pricing Prices depends much hire discuss project provide proper estimate price timing Payment Bitcoin Monero Contact may contact h4ck3rdnmxorg via JabberXMPP h4ck3r_xmppjp advise use popular email provider get touch Gmail Yahoo Hotmail Outlook instead recommend open new account DNMX httphxuzjtocnzvv5g2rtg2bhwkcbupmk7rclb6lly3fo4tvqkk5oyrv3nidonion ProtonMail httpsprotonmailrmez3lotccipshtkleegetolb73fuirgj7r4o4vfu7ozydonion XMPP xmppjp want encrypt message PGP Public Key BEGIN PGP PUBLIC KEY BLOCK mQINBGEtBBABEADOrurXRPLWhQiSyGhmzVoSSWqp17wR7s64ShTsVqh7VmUyCu1 DbFZrIOtpDGyPOeaU97fYl5LWkGeRFQGlie0eU5Uu9LcqhM9CKSTXFRBoV7U5 l1ycDxMt1mnNW4KXe9UmAWz5uIM9JiRl3HcDpbSvoNclXKZjJtbXEViPtBL4JSP FzWijHIihunWt938AAPRXswBgzDe5uNnQbAeG9rb2CoS9A7y3O90rfE7GpGUP366 WKBseL6xRkvgtePn42nOCXEK5TodWrQZ4XdvbKbkLmCkNPyXQk3f8DfFQuY2C qePFA5bbLvCaTTHhO6vaz0zKKp9EjCHa9zXEChLPoqG1dghBUZo4H4Gr0qPVM xZRTJ5cyxkEWHMMYCkirb0YHTUDQjF2jMBigyyJAgsvZNP3HCowfHzSEcI8 RW5BNZe1KzVOlneuSizwML1CTTsdGZElCTNYOhuRlJHYiaOmAFXyGUbi88KXr Yc0K1HDMgKRShwG6QSmlzevmQtskbSYMkKvDGSGkU9dHYvv4nUJAdI0uiupNrho2 59bPW6HR5mKUYEo3fiEsXgHu1XwHBnuofm8wI09grSIw3fOCoCW3blcUkFsxp glCyrMLnmMXhg1AcmCbcZz5S1osSJhRL71HMo6tzdtSmh11ppEbz5VwARAQAB tBpEYXZpZCBXLiA8aDRjazNyQGRubXgub3JnPokCTgQTAQoAOBYhBMreCUqUTgnq 2YVzrgQnqEfDH4SIBQJhLQQQAhsDBQsJCAcDBRUKCQgLBRYCAwEAAh4BAheAAAoJ EAQnqEfDH4SIsEQQAMoOXsUw1f8RM2SKUBmKl4fG6C7UW5d2ZSISGuP8qAcrJ9 UmzG9KeAEe61Ni5AhLUB025eWrqfboH4Kj6TEjpcBHT7n1UtfNLfdUEZ0MzJ3 1UxQUefqHyr3vLTBIs2sNXPG0AuE02VmHge0lkbEtR6enqMEqvDXSohB9iYqON9g IpN5OLBHvLdjiY7GHLKOuc1R0cJ3nqnelWjHJYYhClseesuA7YQMUG4neXuBikp szu4sdQaAn9KPFgQgVUw8qjuuuHATuhs4tyW4vnmvymcYVD053maVN4K4icYkFkM h8cXt4pW1OMAKuN7Tu8UCo4yLYadmqOH9MllCdtjOAc4srZdXCzHtUpvkyDdBUb 87g4Ntdf6gjmWDmshUrJZcKSWEYh7rEjbKFLhdY0wZZmlhpaVN4kDrfatIut sg8azb7cmFYUxGjF2huxUvxcKMzXlwBVG0k41lOaHJIng7Xcm4wJGcx5CQo1Q LyeBIEAqKWogRJfKoQ1YEabCTF0yiENOz8KIWLBkmB92viUPE0xsKFeQr7DPW6b zLM4EavSzPPg4nu5tClsvgoNXC4Gi8opfdzSJY2g7c81FI2Moue5wxCwjsJ1l6P kx9MZ5YXltxH4CObKgc2ZFOkavFIKwXkLgRtMRvqcWiBsNziNcKbsNme9iauQIN BGEtBBABEADKZ0wwwbHN7gLvC6jlQ6ZzzqbKVcoKSJr84Pqf9qVMN5qXawG4fa4y 3tx7XdrBqRKI2WtpK5U4LcSal6CgBNSibn0Cf2p8gFZZsmJ0z0fOXCuLyw3vjT2 hlaoNWgKH6cGUSsrj1ipmhUL0tl8le9v8GAJ0vhNgYKiApYIxS9gJtI77dfwns ZuBTSMcaoMCfKVkieimDJAkjwa2KItwNjLlZQXAKlj5UiCnkW18NqeSQ15X1WAp BM89zxJOx1aBqMvbMGsXlp8oQChoveHfbyJZHH1ggcmC8V6KTAYaqC2EC5a8dI lJyLBJUkDyhzHgls8yonXedc2iVCEbJU2gPUIOReDmPjRPCQ7uelCmFD3lLAVFU1 nboqEOgNcPYw18sJY1q9P17A4OkQ6slP7PwBfaLwp709HAu6WGj3jJMRzfQ6qK mqoTNoFU7Oqz4xPqMsQVuehIjQWXLtSkxzdkbyXlah4konnzPMV9wjjZFcyc mCcaYsxmZMSQrsOgETJBaDtrynq4DpjByp57Xd4WKJ23pY34OFyYe8Bf4Ox73h EpIpm4kH3FTUkQ5Rev5thOh8q9jClYyV89zpYmILvkkTVxRXdKjuENJh7w24M3 dYdXTBd3cSHxOdN9dszRsYOVCG50aGAbAOHNvoUeJhiPXCRRxwARAQABiQI2 BBgBCgAgFiEEyt4JSpROCerZhXOuBCeoR8MfhIgFAmEtBBACGwwACgkQBCeoR8Mf hIjEZQ7Br2DUttT8bx1YotOe1ln1QQDJI96Io3sOuuxX2MUJgMN7u7K7CFUStf y1ApcdOsha2EpBAjTdDP9SbDSU79SWhqH1zqFN31ieiWS2m1RxDd8vMvgn6XfIF tzMy0NaqnxhKmjgAIyN0JFpDbQejGiPuGiFbOTRzLxIkkrC4imZAyMkN9HoWeYu Nq81F5tOKXSjWPzLJpbG2GNoLH8KRXljzHzRePiJSADPkEz2tzZz2ICnIOIw mj54IYeyIp48CK3NqWCjgB3ZToiQYYMMYwQOIjTvr3Ahvt2XpP8PIqz6yElG0 ZudA31DXpg4YydLBQuf54OTVcQK8tKIJ5RROvBPyPBUQMIs6dsYt8bLjmhLHhsI DVWzBIbJIsQSIiauP29SzR5qo5TO2c2wJvbWv8Yh1d03HbJj09cB1GQXbHDyO RHb5YXvLA2cCk7B6gByu4xuYb916suSfWxBL0727H5fGPliiv2ConAHgd1QZQ142 3zLAQQD6vlgoXZd1wBLaS5X76Wxh39uiq6K0j0YopCsM36rdg68DNK8FAF4 RaIm3NxCcw5nIRKrmBIHgtHFEoTaSRx1h8lHwcCRX6A3HmXGxTVbm6ivIg3MjO 6Us4iJpNyhasB55fVE7WcBcTEuSNLNzIPngIdbtF1QUOOYI W5i4 END PGP PUBLIC KEY BLOCK 2017h4ck3r mirrors,bad
